0,1,Class
0.10901840756422287,0.40604884639369954,1
0.35452629951998826,0.5605303796622265,1
-0.3731448767626204,0.8397965884654566,1
0.10949001351306742,-0.35824930010301936,1
0.06892921577833944,-0.1422833135713628,1
0.9431544645409304,-0.15530566295521897,1
0.7750465616974829,0.030267232125311905,1
-0.03206151304141902,-0.04755339721013874,1
0.5925833958483895,0.7960563290965723,1
-0.5046111569943639,-0.2288003305646178,1
-0.4707137302497362,-0.039320535120633826,1
0.8656738494188867,-0.1619084462713225,1
-0.7321881135428983,-0.2309022898379327,1
0.09986969706387527,0.8917732899848594,1
0.27149630379233636,-0.6118474008772108,1
-0.8351381699326701,0.4483830929073771,1
0.14239980109661743,-0.527912396364937,1
-0.37780784673267953,-0.42266787923345994,1
0.45746049158739677,0.037712003936097416,1
0.6887027482535728,-0.6131301346626483,1
-0.5495365351361869,0.07149429651576278,1
-0.3233276590645593,-0.03567890259068651,1
-0.7597377446602918,-0.046583976986090514,1
0.15612611789639996,0.8627652547864773,1
0.351823070313217,-0.794217006245457,1
0.20706984591201905,-0.5490840403204231,1
-0.8973724246533303,-0.4387956311745804,0
0.19505520920748975,-0.6998771705329878,1
-0.09837670817396504,-0.2393478609980353,1
0.244041707868087,-0.5434201668111944,1
-0.7339031295662497,0.13109024388774992,1
0.17373681107492978,-0.1985535844662425,1
-0.7645314285773821,0.20938881997473646,1
-0.14269367048193993,-0.23348360360002318,1
-0.07185596609690359,0.2974030038955664,1
0.39415945186114265,0.8039082017340751,1
0.15343532174116925,-0.5417457282374822,1
0.019911424904497155,0.2943001394200744,1
0.6206552023057266,0.4580648846401534,1
-0.28817123774000875,0.8626822596140242,1
0.3229335090197041,0.2698719521235824,1
0.09151287181784018,-0.2821722059975824,1
-0.4960379967516937,-0.4292884583047549,1
0.12697091806766747,0.8295233584990485,1
-0.47793647552085994,-0.5162267917962517,1
0.35480175668641256,-0.2189287798952475,1
-0.40493235226688884,0.6908267090503684,1
-0.09466711478637602,-0.6899667222383317,1
-0.3761278661390248,0.6852157888338113,1
0.18860638399056162,-0.8676406290860763,1
0.6234773110574221,-0.28028888314113076,1
-0.03610768992112545,-0.23916649818215663,1
0.1375863609310024,0.6269346650681553,1
0.5542128620820395,0.4061321195875225,1
-0.31060540134878645,-0.4167724333587688,1
0.6242765638428549,-0.07633819409971143,1
0.7377687282392238,-0.2060097578491482,1
-0.33712436215829666,-0.1935198215741134,1
0.26214813105135804,-0.594382247852433,1
-0.15398513273923586,0.678366961886044,1
0.18282044356336669,0.23206190879998911,1
-0.603255497472331,0.19194810355383907,1
0.4873642889691838,0.290478476953582,1
-0.6928305529395404,-0.0630376503368475,1
0.5761950414750698,0.058488173397389875,1
-0.6215083354335418,-0.5844860780821499,0
0.946189838820604,0.11832866101792039,1
0.04619690853398484,-0.587471574590378,1
-0.1206290064447677,0.015575187625726405,1
0.4337724989798888,0.038477396428056254,1
-0.5790767643122039,0.5758450835274209,1
-0.8535329907452043,0.4611459817575543,1
0.6455136648238009,0.40350168785883733,1
0.4827568583694075,0.030581970655251478,1
-0.7211180451901764,-0.24358564286321638,1
-0.5748507993070728,0.19441836117308098,1
-0.43024517185213496,0.3673503619912013,1
-0.18555145884797764,-0.539667886659237,1
-0.00920359407182847,0.6565498501755114,1
0.3599615005869139,-0.33641321817876024,1
0.7769829606249696,0.13445232096216397,1
0.2537385290513008,0.11053699574761255,1
-0.8078586656040929,0.09933682565264901,1
0.85064521233707,-0.4590906196181559,1
0.10186837982210206,0.4555793874568974,1
-0.21709144007927206,-0.9711461866987876,0
0.2736532630111206,-0.04916389298322432,1
0.9119871357833251,-0.117690676134524,1
0.5059017104002133,-0.44463771158717025,1
-0.8218587951461014,0.24404496168311507,1
0.5997281356738486,-0.09352310885997772,1
0.04504920109186061,0.30657251274907593,1
0.017971470676239054,0.9450619005004199,1
-0.3565048271775262,-0.4425388098575638,1
0.017490265329303423,0.7391324494230032,1
0.852321417611557,0.4004331368321412,1
0.8092294024377356,-0.30809743948951085,1
0.5380601671169478,0.6060282224936449,1
-0.5823316402160268,0.1953660006797675,1
-0.34441791762814455,0.9209343650090778,1
-0.6347641956428316,-0.2363553817145203,1
0.7252870414372583,0.3080933822586003,1
0.013243267410252724,-0.8995540153864308,1
-0.21400995018918256,0.27288077706092384,1
0.1986263886252404,-0.1984429374839125,1
0.6492157951975155,-0.2855720062420313,1
0.3950652011354263,-0.6112629946440418,1
-0.47184793964914906,0.32727142724538183,1
-0.19154281673078533,-0.634884589864045,1
-0.5122888132668386,-0.05757217832238726,1
0.21513271401348333,0.1835250805163655,1
0.7414710882503373,-0.01123404978960063,1
-0.8163600532195048,-0.26007537457910423,0
-0.2222891215209586,-0.035917442541259836,1
-0.954769246100408,-0.22387928528097278,0
-0.7388307342565579,-0.0246954694764554,1
0.10161182307933392,0.3953282030767753,1
-0.5816389910384134,0.15907480325002776,1
-0.175308370407941,0.21547827337835423,1
-0.08812142150256785,-0.46561560519756107,1
0.8915233767021353,-0.2029719367414733,1
-0.8638754376182509,0.07341472832380447,0
0.8969329372567449,0.2742407036080048,1
-0.38185097702133675,-0.8548465082447141,0
0.4079096669434783,-0.08983119195994438,1
-0.09781097636291536,-0.4624264905308271,1
0.5343852472825892,0.08164589159569591,1
-0.0801242229448964,-0.7628446735829235,1
-0.04011015045627242,-0.9453293826196316,0
-0.5370531906022942,0.2533226572112186,1
0.85530384172313,0.1489520736186707,1
-0.00823723734284676,0.21497687265543353,1
0.4752059562026347,0.5037467705719172,1
0.37112881890576555,-0.5841153680650208,1
0.025413104736140113,0.9917855749326379,1
0.21810680070042476,0.32772604673312333,1
0.30200980308555025,0.3121320742663909,1
-0.7105963863263518,0.16105624790591588,1
0.2814028053862634,0.12473245753829754,1
-0.022978586443902937,-0.2718164066491908,1
0.6514811081671108,-0.5954024936116857,1
0.8856583117137262,0.4080658124801213,1
0.005307828748799093,-0.2889378859432159,1
0.6786679343142821,0.11390176211383385,1
-0.1005579686212259,-0.3512564837253944,1
-0.28964579903970655,-0.5482589241233384,1
-0.7967505015833278,-0.47308885324215644,0
0.8030837885400752,-0.04528720103812334,1
-0.6064204981064012,0.22714249771051764,1
-0.4484840753321375,-0.3943068892340307,1
-0.10956320932935637,0.2849585441614364,1
-0.8030476899999202,-0.40104478203553073,0
-0.02007404169109428,0.30067030363161984,1
-0.40735522813538405,-0.7541381281008885,0
-0.8002294314200868,-0.2715422009877999,0
0.7099656379943968,-0.11723906602706924,1
0.08691467559079413,-0.48854140766389786,1
0.44553559464195813,0.2984788531939826,1
-0.49064595528549493,-0.18328257596207398,1
-0.23032518956305048,0.06679981876599173,1
0.7745344750297041,-0.34315608549054133,1
-0.15371522684325045,0.8114060592021342,1
-0.8418646679459396,0.4736507170194133,1
-0.4850959985146652,0.5105024792712101,1
0.25139241759950814,0.7989400083115354,1
-0.15771768215307835,-0.9336029567669004,0
0.39392602832102197,0.09690557985529447,1
0.7387456989193637,0.37122115976865544,1
-0.2584765462410954,0.10273073722408688,1
0.2813969626152746,0.5475201093532722,1
0.19851729751860492,-0.09594008825526612,1
0.42804688578817274,0.4309779097137769,1
0.034023358664243775,-0.1775783208173749,1
-0.49089451624504554,0.1329270344249751,1
-0.6166374460983466,0.18853237321604532,1
0.4646269784648287,0.5618652245750049,1
-0.5697347987460377,0.6074011416863387,1
-0.5232764962904553,-0.7147321179153632,0
-0.44388177439752763,-0.554578103396933,1
-0.23417452601127642,-0.6413831435669337,1
-0.3054140078400436,-0.19983663834741394,1
0.7257098490154981,-0.1722201083207584,1
0.5318338378943501,0.35144710898663245,1
0.20782527308436438,-0.015655828989677767,1
0.8957793827152756,0.279165940034922,1
-0.2604905694216517,0.8226161080673684,1
-0.13245735344229437,0.9036401888837307,1
-0.4764634715334093,-0.4765357402540422,1
0.12124939905454868,0.6001874588203508,1
-0.6472726819322052,-0.5908733674281692,0
-0.17282012338013453,0.0355834517235476,1
-0.7195049490608703,-0.42852546988229867,0
-0.7119621896787884,-0.61916564179724,0
-0.39606636503690673,-0.6821397658058448,1
0.6618387160747052,0.4480757934377606,1
0.06811722426160749,0.17136700373815694,1
0.5971804687680382,0.66756794672582,1
-0.34367835171362615,-0.6693299601593208,1
0.11066691414355745,0.8061674379071668,1
0.8028821041057317,-0.25572103839006055,1
-0.13508537074984894,-0.1903398982612199,1
0.47827579653335484,0.29593145075491445,1
0.23482643722060348,-0.8989648145197457,1
-0.5338932753473709,-0.23698090255407855,1
-0.09134323991987725,0.12570085666661557,1
0.7435216267369971,0.6660064974883355,1
0.8459352283667805,-0.19878081327288877,1
0.27645523145049133,-0.5700574858649012,1
-0.1826977550681339,-0.041694197254368515,1
0.27354357371172644,-0.07238275922127935,1
-0.6174312783337101,-0.23317310491143095,1
0.3225078992482169,-0.7795051201129468,1
0.7856009642912418,-0.5896997555750167,1
0.040238415731905564,0.6685625074422401,1
0.9317190941126596,-0.3374756151502354,1
-0.07254374017072429,-0.3977627774862118,1
0.3454181606760771,0.572200260287828,1
0.08718393753923559,-0.9665216760141861,1
-0.23632224255097856,-0.16448335369265354,1
0.39220644921345627,0.2527474712351805,1
-0.7223213883368236,-0.45845095082920806,0
-0.6181945581706405,0.2300077575454229,1
-0.1922780802794044,-0.5422335840440979,1
0.21619855684882405,-0.8652773178012201,1
-0.004890698242052238,-0.04832924559302221,1
-0.7791649576452055,0.2530393872694896,1
0.0024194530535071035,0.2219854953402043,1
0.0603330733230123,0.008656867790235667,1
-0.5168215352324605,0.0034548859116263486,1
0.14525903637080795,-0.7308615292820002,1
-0.27969855029795165,0.636020326328165,1
-0.788915869626754,-0.5244290999202581,0
-0.7386457811803187,-0.07678384632962065,1
-0.4206195533680921,0.7414751563852002,1
0.12002287588943594,0.6249656500060818,1
0.8252976745842846,-0.2327701272397451,1
0.5645079904028478,-0.13416834451805082,1
0.29867716633799857,-0.5922409731396612,1
0.20288349460296162,-0.820468900212656,1
-0.808668373615492,-0.14393023555961593,0
-0.12107254030496839,-0.3763078699033364,1
-0.027538646402119005,0.5700544664746339,1
-0.031062413762804386,0.7646971741126183,1
-0.21013381376925655,0.7350911046224338,1
-0.03381424942624056,0.1220656146803818,1
0.859384874189826,-0.237393204315268,1
0.219253847281085,-0.5944383035761409,1
0.16453499557754392,0.7804528211504114,1
-0.10892114087615279,0.024430775497778834,1
0.6613270991732743,0.46337558087365927,1
-0.8673518040828583,-0.22637441214073206,0
-0.26009832767877694,-0.9534621170206476,0
-0.3979246641481464,0.7757512588407915,1
0.005980172410447793,-0.8949516864098002,1
0.028046940489978578,0.41781478005538464,1
-0.2348770519672656,-0.8029384668714461,1
0.702740941230839,-0.37388356239233755,1
-0.1632853211781813,-0.8679920776664956,1
-0.49269748824830306,-0.7188048398049678,0
0.5997611744228251,-0.5190530613787949,1
-0.4991441614510552,0.816914348752221,1
-0.055927430991681515,0.15211354116385922,1
-0.5119280596021156,0.10823351886564359,1
-0.8914332891162309,0.31101153675013893,0
0.17858164095278606,0.1721384324250621,1
0.5169961221025074,0.39336178589426707,1
-0.11323665363302537,-0.3181917059203334,1
-0.2502930865736235,0.5886198516600201,1
-0.40724012820687205,0.762429980970621,1
0.16693639206048072,-0.4486424071384263,1
0.49014580665643437,-0.3669198284002666,1
-0.2060378939943821,0.54965371706688,1
-0.45699901030176493,-0.24752959599419544,1
0.35587035423621005,0.5779440197359473,1
0.245271981220468,-0.4097865365160136,1
-0.0720199191911075,0.571696380846834,1
-0.14432899371266372,0.9595374501051877,1
-0.5364199004527919,-0.6910611266884525,0
0.5353602216918492,-0.6433658933728938,1
0.26710996025526557,-0.13399888777240787,1
-0.05583992038386132,-0.04686536826618082,1
-0.29792562972047376,-0.8314478458855556,0
0.39317977366248,0.11537997438570691,1
-0.5953021327339478,0.42225246666738636,1
0.5996346263222052,-0.2330595733529901,1
-0.3225378937917629,-0.10298546930456776,1
0.7798056224891039,0.09065919024093061,1
-0.20793641226494075,0.8284817278954655,1
-0.4225791239599288,0.13415324999102318,1
0.28829455500330714,-0.8792553058770396,1
-0.11022396848299931,0.950719667446865,1
-0.27066458602956356,-0.42502625095662694,1
0.33060714674809466,0.6132952736842854,1
-0.230759535694798,-0.8102262118727783,1
-0.2466509980438618,-0.08429788764441337,1
0.1664190604856024,0.9121300850431275,1
0.2908396041732906,0.42350255339125775,1
0.11726544082913803,0.22773513278004698,1
0.10469365599858826,-0.49209953191191524,1
-0.7098295884320511,-0.33109983143671684,0
0.6561912746159044,-0.02183788435973044,1
-0.534829577984838,-0.34976787579765656,1
-0.3324913311456148,0.8787783593298961,1
0.2301461993905356,0.7748814504223116,1
0.3404875756363668,0.7512293082113559,1
0.6113143909153587,-0.2630831403793079,1
-0.6274707203176972,-0.38340758188946134,1
0.298499308447024,-0.07101104828774374,1
-0.16201620939750705,-0.7072391868995676,1
0.1453893179712782,0.47672521005019997,1
0.713146002618686,-0.4231265240481903,1
0.6468523249416736,-0.2894023840534339,1
-0.2896049091900219,-0.5261538349228316,1
0.28424337206159955,-0.5442456025053908,1
0.47043717919216843,0.2191123114737601,1
0.2544405645769552,0.04925256006045875,1
0.5910118108343221,-0.5197902749684729,1
0.37229111102661183,0.7788897401457842,1
0.3578577323839378,0.8249444745028258,1
-0.765925392880394,0.430092973977944,1
0.07982361036150487,0.757908293989145,1
0.6583173975395171,-0.6880176594328478,1
0.3418113594223835,0.8838351958881652,1
0.22208075200899802,0.23604938464005465,1
0.43346248577072766,-0.20541102220764174,1
0.17889497680060273,-0.8390508716369567,1
0.43367599892290487,0.8147849190328664,1
0.19252520929587869,-0.15372928257958907,1
0.5656301459421309,0.6950900791120274,1
-0.3714202217176692,-0.9015085862015522,0
0.8410801086906707,0.2253565363501775,1
-0.41072535197617976,0.8748119013934341,1
0.310098648487489,-0.9346979362869992,1
-0.12362036181229463,0.9343081540230864,1
0.37990541760785845,-0.7611053646094874,1
0.44131305705178026,-0.2706044271810353,1
-0.42299742640373794,0.3510587516898698,1
0.05811688858776165,0.3333054859137474,1
-0.0349895992572995,-0.7429342691806631,1
-0.6415546178184381,-0.2184985675178046,1
0.43575326157462,0.10483466640062589,1
0.7663254722468602,-0.607365034280225,1
-0.16669067013045358,0.21576440629147675,1
0.39208387758039276,0.43636376025429136,1
0.4381197611539165,0.2862799055363785,1
0.19967345535608305,0.7285779939895938,1
-0.6985714068076969,0.28963855626514423,1
-0.5339331385635715,-0.0786124081415478,1
-0.34914847011820815,0.4310952777413255,1
0.6037795645867339,0.752844076954047,1
0.2864514237669018,-0.891385327640386,1
0.6779996420616476,-0.6179199924332008,1
0.8579689740145191,-0.3797472414294003,1
0.21125455259309978,0.6836111617448963,1
0.5666243756510678,0.5526278005296981,1
-0.7729913167588511,0.305135330472589,1
-0.9307066362429739,-0.24371180605816156,0
-0.12433571595022408,-0.7922764029272593,1
-0.3018982372520249,0.32668114965047357,1
0.6733169217864647,0.12218418118294316,1
0.3078307176178712,0.7703785819944684,1
-0.10773762413607724,-0.36626830029755797,1
-0.06404614930748931,-0.3166484465346977,1
-0.9899100347390257,0.0072268218413547025,0
0.565279794474252,0.48116066325824525,1
-0.854540578364936,0.14700351405889056,0
-0.058206517339133734,0.31561796945026876,1
-0.7599177654945715,-0.5964792210600254,0
-0.46304246990586173,-0.40614659424216515,1
-0.39821072048434525,0.39893704871364677,1
-0.7861127677981374,-0.27577877169744225,0
-0.13885077293522952,0.4517170997314295,1
-0.1892267739670559,0.8938838870573,1
0.1324224625961401,-0.3563311035377563,1
0.04253450761284694,0.721886823063693,1
0.44662479967980206,0.742073849641693,1
0.5209730305392222,-0.3354079096118181,1
-0.4344700719199097,0.5073303185508955,1
0.17408967294863142,-0.9653133679469794,1
0.0717377915270816,-0.06615356833893338,1
-0.03058748892201435,0.03801578844810072,1
-0.32302294585684543,0.778893724847046,1
-0.16834938944204114,-0.7035792829295844,1
-0.6799908923899052,-0.0030650287751532446,1
-0.3595658119756311,-0.6553331653196608,1
0.3080289735996584,0.8136207268899791,1
-0.6069367852113463,0.03418110527437479,1
-0.3747887711763096,0.05312130295723705,1
-0.8493132434475792,0.18703564831291408,0
-0.7338004187274538,0.32539844623825975,1
0.16479427836850657,-0.11853765296107999,1
0.35055179912886625,0.3142747701564381,1
0.16853700434549546,-0.16899729568195232,1
0.33258890817347875,-0.9302115286135317,1
0.342858656513372,-0.05794273286199014,1
0.38114003788789264,-0.7424116213730674,1
0.11955912309543759,0.18649414751808435,1
0.40429686460294834,-0.4289093599530638,1
-0.2588015442243976,0.5281743549754658,1
-0.8523190339668194,-0.14744069826729178,0
0.45633181487928565,0.3992261803679271,1
0.3100194195480357,-0.7063480942650788,1
0.08022683786490714,-0.04224727739507661,1
0.28743423892435493,0.06531306128695147,1
0.631774981332905,0.42845019973036247,1
0.11763480844162144,0.8037137738877735,1
0.4764991207714313,0.609923330366092,1
-0.6456643853569008,0.03192882162225663,1
0.355840559180862,-0.565379487238624,1
0.7656815185805737,0.6096660941770382,1
-0.08549649245099356,0.88866616319738,1
0.6028737982941845,-0.6542480324411155,1
0.9111609735721959,-0.4019509217320172,1
0.4969886072872507,0.1576828367479417,1
-0.4699643942472429,-0.7804325425938277,0
0.22851321964811255,0.10025938266896017,1
0.29754942173876175,-0.22255100249452608,1
0.9012590990407792,0.14408728087814038,1
-0.03564056765282331,-0.9648759401805358,0
-0.9886522616950026,-0.0034331871007480252,0
-0.9705516405749366,0.1750081282635132,0
0.03617986474240986,0.4866006121730502,1
0.4025689228119089,-0.5195598452406109,1
0.6316482253288103,-0.6577580509747862,1
0.4912581446546931,-0.09245241345069144,1
0.19078152062648246,-0.48151800712686743,1
0.21026564404251857,0.1813617503041527,1
-0.40425363339708364,0.371643995720065,1
0.3282432031366098,0.5122277766303143,1
-0.5098764309453756,0.17623661765447207,1
0.1741656504143323,-0.9407156082264392,1
0.08208525478707429,-0.7252740782547209,1
-0.2578875125706257,0.7186023427833139,1
-0.4634096490401527,0.408145421327615,1
-0.3503588300658025,0.7500686682250486,1
-0.052911654732180624,-0.7851314265660045,1
-0.45292537137586164,0.29976206138897976,1
0.9316777876450058,-0.05878995291036482,1
-0.37628700389831704,0.5161758858936565,1
0.502934631561859,-0.4465219572069632,1
-0.12078163394991215,-0.5401785037869766,1
0.7608575303163265,0.551488262192404,1
-0.46022016941096733,-0.3489464375768032,1
-0.3100500402348041,-0.13429827810406847,1
0.2843684412658547,-0.16784781289117712,1
0.24689805283082422,-0.6137728189902114,1
0.00028906381122828506,0.37715246693094895,1
-0.6998645026857166,0.40005400268882574,1
-0.06896120081820367,-0.6790493381601188,1
0.2456493164002953,-0.7485048357597259,1
-0.09609924282444582,0.023073706944870986,1
-0.4592179871940769,-0.28633919536723096,1
-0.33618687268135083,-0.4816381054703829,1
-0.8340500286950334,0.09042420180417388,0
0.6714869203233473,-0.3363076373122942,1
0.43085379268570034,0.29075579494733494,1
-0.41266575512571446,-0.8202388442875972,0
-0.9090324915791752,-0.3910780814396879,0
0.17766534428416136,-0.4662223201163762,1
-0.7779506580955053,0.13954769410047785,1
-0.5451237735969054,0.7186721258175797,1
0.6105972602830223,-0.14083715648525974,1
0.5824514837474373,0.40733129107292876,1
0.3366919323844608,0.4457114062793335,1
-0.3014604379839734,-0.19117784958074968,1
-0.26595647495885677,0.8853576387045332,1
0.6495989604805528,0.4758224956981545,1
0.630525578839549,0.25544653835108266,1
0.4898261414849432,0.36934074676567996,1
-0.35207991650817805,0.587880061625264,1
-0.32465452896720115,-0.06860523833561327,1
0.4262710837241417,0.6349465958523857,1
-0.29536019142043557,-0.1926091562609915,1
0.5989887108577383,-0.5630409050982703,1
0.3116078528710826,-0.1576848124441721,1
0.37211262465415706,-0.8746659152402565,1
-0.321175796022523,0.12945327799761297,1
-0.11059574974660435,0.20537116365692953,1
-0.09268312114897181,-0.9075348770659966,0
-0.9186567956042095,0.3239945296894944,0
-0.15958061786253008,-0.038233903050092666,1
-0.08817621115289476,0.731668064850928,1
-0.23621546261372628,0.2546128075059253,1
-0.8044261334741865,-0.13340509911293696,0
-0.3358515185459605,0.8738326377541583,1
0.9311027844210196,0.1325833336073634,1
-0.25351024609509976,-0.5472751942352012,1
-0.04650390998525489,-0.691654649110079,1
-0.7789389148182759,-0.46562974621449715,0
-0.7006300606809768,0.05081911142843065,1
-0.16770583145598472,0.7444504827338594,1
-0.21591832801370314,0.23907445629524804,1
-0.8813252903868538,-0.07132873250768457,0
0.5505980179493442,-0.06240960162368214,1
-0.29263359010827794,-0.3114003733401953,1
-0.24379711153806438,0.266163073807695,1
-0.19207386932651138,-0.5807884067346147,1
-0.347909868679527,0.7575717315712842,1
0.496470954579743,0.6247268541756907,1
-0.148612957849926,0.11457032439788706,1
-0.5952032887793564,0.4645761429335016,1
-0.39702570212032207,-0.5134321062563987,1
0.12460400077035105,0.6837479257364731,1
-0.15282407440852896,0.35209432067667557,1
0.6996888075213865,-0.43563187691132566,1
0.03753935892163929,0.9852629824064285,1
-0.7870553352041856,-0.18810305165336438,0
0.4433745137509082,-0.8371294486674359,1
-0.6727748405057785,0.11565044608893915,1
0.8802796158399973,0.3154854184622402,1
0.33610782128077354,-0.06166506912661607,1
-0.8617865362693535,-0.3248269578825109,0
-0.06563461135409354,-0.4785002702049648,1
0.3860061921515394,0.4481847732551696,1
0.5147024084217786,-0.2021063642927461,1
0.71611141996513,0.22738502904530655,1
0.08132835874885669,0.8988608263797717,1
0.5649684597974345,0.05737275282405996,1
-0.20906467267166362,0.39517037245851205,1
-0.6811872139483064,-0.6911168000479098,0
0.3298997155461072,0.6497124367307339,1
-0.10716253882500637,-0.7906293962711695,1
0.8914588860306958,0.400904122255219,1
0.578273628757644,-0.13431214946517156,1
-0.008596416342003144,0.7807855175345146,1
-0.5729765827153122,0.4706752941122414,1
-0.38957054226312304,0.4973647072976679,1
-0.2729346321660362,0.9074484501813416,1
-0.7279253905068626,-0.06515290585391731,1
-0.015705077019616764,-0.12138854518898556,1
-0.6722486544355522,0.26585154341163886,1
0.27610247881545247,0.4630208575479704,1
-0.7024451749353342,0.5788002594191417,1
-0.6972871843030315,-0.30284660055239554,1
-0.384937548532309,0.47783214150771913,1
-0.5283182644355344,0.3499689552185705,1
-0.6017801868219617,0.4626736569957053,1
0.14963333620725172,-0.44670837116674655,1
0.6436355589252216,-0.29831961067018375,1
0.6437744957781952,-0.37017674221983166,1
0.49831922547389795,-0.6179524346353098,1
0.044905675162701275,-0.9236109538654176,1
0.24800073405112233,0.8307080584831417,1
-0.5794319048862937,0.7175508434665947,1
-0.41286286425313734,0.23584022802877236,1
0.260367607115233,0.28745630234287667,1
0.46051392115886136,-0.0350740403007157,1
-0.2408647836116229,0.8268508483222605,1
0.8207723436684393,0.08138866149265289,1
0.08772257835386177,-0.5137531477850816,1
0.14632226911844803,-0.9233073751714787,1
0.6961853944223728,-0.3026266980658141,1
-0.7238869181119438,-0.17619824544859797,1
-0.5011095591802002,-0.19004610025013746,1
0.6536328894013921,0.020704809217700015,1
0.08542035926909008,-0.35218930850479424,1
-0.9428200554158881,0.19880867612795416,0
-0.596178549698517,-0.05254299696557552,1
0.1872382059306843,-0.12163674029325033,1
0.02355426475257416,-0.11546102502318223,1
-0.13567827125013165,-0.5044027574287604,1
-0.7785906194640624,-0.6024343650270523,0
0.25084216625291145,0.8392008441881937,1
0.7217977838523302,0.6477468909010624,1
-0.09515715915532486,0.7776131347215804,1
0.03872578994416043,0.8268191500401498,1
-0.12940855452193878,0.8742242814079699,1
0.9558489222063602,0.09651917660772447,1
-0.8594951139763476,-0.18272650905168875,0
0.9586194059490187,0.005187719126010348,1
0.2884890335477994,0.5201266134299347,1
0.37253204587040445,-0.23524773633192364,1
-0.49383460052617867,0.03568805432652433,1
-0.4437595167088857,-0.3690389031453567,1
-0.1755616693149744,0.10034639526844114,1
-0.16071034477524848,0.9490944259524561,1
0.4286603681601071,-0.1871518558933356,1
-0.7265720438607683,-0.4717093100987402,0
0.7253013399512622,-0.3243917371408436,1
0.9731379954384172,-0.11513040667652463,1
0.06782334989997207,-0.6708951732687016,1
0.1318880471883055,0.05861563883377818,1
-0.3129338372973176,0.8182393305983862,1
-0.5550066678678509,0.6296856163763878,1
-0.27390504791816017,0.8898989250150093,1
0.586644170666633,0.7167976360411168,1
-0.14978570468318342,0.05238707767619011,1
-0.6085447340817669,-0.19608666689545662,1
0.33682104835716786,-0.435227867466657,1
0.33894367810285586,0.26264314309071946,1
-0.2438414318571016,0.3057034558695586,1
-0.022214251106450478,-0.7810283066195036,1
-0.2948825971786888,0.6249034272444858,1
-0.3482247736152322,-0.07725190031954066,1
-0.697113002312646,-0.14475562736309477,1
0.5194407735091839,-0.2173222731287574,1
-0.24748751766390176,0.5384640140857213,1
-0.024384758930706685,-0.20393284936034473,1
0.9344034546738296,-0.24468552235204233,1
0.4135189792355727,-0.796716502220866,1
-0.22192775427636735,0.39932498425731433,1
0.4405037339775406,0.7008595797532571,1
0.635060321531802,-0.6527315982722681,1
0.8400427388821219,0.3822555086552708,1
-0.4478205452355095,0.31093850854849525,1
-0.1449802734077792,-0.3462638869287016,1
0.6724361376622936,0.026641912358973396,1
-0.33509609415886144,-0.7002093813162606,1
0.2740669882041866,-0.5354002709866355,1
-0.1730295707631242,-0.3628016686640161,1
-0.6556575985180668,-0.37304987396835276,1
-0.5301583572039721,0.5509797490225279,1
-0.20339951172141668,0.37447752066301154,1
-0.28866283618010313,0.7680117752633648,1
0.12700461636345062,-0.317949462546093,1
0.23902630298039607,-0.010017768589610121,1
0.37109537272272375,0.40268486931407166,1
-0.6454788358945467,0.6866287374173823,1
0.6822234644097991,-0.3748772475944211,1
0.6171929973691259,-0.022689014871887236,1
0.9650737124232178,-0.032674005169059495,1
0.6953705006216175,-0.15164345930887912,1
-0.21357465012660715,0.9536917154418436,1
0.47063111778326205,-0.691916499529754,1
0.727168755291228,0.06756250211875314,1
-0.26643299253600317,0.4881878312513339,1
0.10403239184660928,-0.7129216531402176,1
-0.29945119270986953,0.35926196490867746,1
0.03699463942775072,-0.651446948269147,1
0.4900463144211482,0.5711681463502964,1
-0.5691708881772344,-0.2252497615979736,1
-0.4341740377948311,0.6920959563846396,1
-0.4883930889335648,-0.8422055837681592,0
0.8230192588328393,0.22974286952296152,1
0.07130829947972406,0.1058815011749723,1
-0.19400809186714607,0.44576069363505266,1
0.4778465893896897,-0.48438700027931336,1
-0.8556324574336178,-0.22198724679477277,0
-0.30697782126490014,-0.41036462435586984,1
0.8248165319599994,-0.345457229535733,1
0.8406444482554474,-0.4796262863906673,1
0.6195077102427418,-0.4721139697415295,1
0.4458027750570639,0.6644023994312767,1
0.3226635045951338,-0.30753197460752113,1
-0.448641567583252,-0.45028372424291985,1
-0.6536157034864523,0.125886796714044,1
-0.8118348863795934,0.5255458615082462,1
-0.44536722357098135,0.8253203484978158,1
0.5790192896942075,-0.8034433666613272,1
0.798769594282362,-0.4213391397340067,1
-0.17481646426648445,-0.07399993222178147,1
0.8309556542620253,0.3574702221729469,1
0.27260863608034236,-0.2412719844494322,1
0.2598273605597592,-0.7859028788249118,1
0.3851084377029248,-0.7709432153887228,1
0.2622421224012179,0.25976706455898224,1
-0.4522440356576407,0.3018440476471467,1
-0.32186831156288354,0.19909384821747556,1
-0.5846952830588485,0.7993525386301386,1
0.49537410964681117,0.2623502628222154,1
0.06571909592656122,-0.24703445816246883,1
-0.5089399945988835,-0.6771731154755551,0
0.9936998111696389,-0.04826211359651578,1
0.10096843288422308,0.40249844601154283,1
0.24560851492584845,0.6697526552909043,1
-0.1345618854259556,0.4732986237904375,1
0.3318026021089384,0.40854704656567886,1
-0.46435683170567144,0.7656072641522171,1
-0.09469281055949152,-0.47541271618466396,1
0.7610484725869564,-0.5590555060077735,1
-0.21552770492189155,-0.7077742460984431,1
-0.4374391318754556,0.566494802981766,1
-0.4580997930888331,0.19818725322867325,1
-0.3620998250933798,-0.024979933077795335,1
-0.6327599277386848,-0.4942989064446992,1
-0.43978004462407005,0.2868932390443355,1
-0.43727495473380795,0.6662661012140658,1
0.2680591541871109,0.2734114299611181,1
-0.5913649534628205,-0.3227536827058961,1
0.2273433299921519,-0.2828166587978771,1
-0.3988057963093916,-0.12783251950735464,1
0.5330797912809098,0.7380691999620177,1
0.21633758352898225,-0.19246790120246637,1
0.2416456979657724,0.29215204940199935,1
0.09715638506948698,0.519091050596332,1
-0.49299403058941627,-0.45202367468748794,1
0.09146572268730191,-0.5033573452094169,1
-0.2136669252493597,0.43286214263335765,1
-0.17883938263990373,-0.1267968933845487,1
0.2740173038493121,0.44153542480182884,1
0.3995430919871581,-0.10875574661470044,1
-0.38757727386715857,-0.34528985693062486,1
0.35311859344787444,-0.4653480444780984,1
0.7497765886739272,-0.490612779009322,1
0.5551200621172214,0.22650136148517008,1
-0.06076610337842636,-0.546395407961175,1
0.3880112263245239,0.08213627405764878,1
-0.3028446663630273,0.24483430423778363,1
-0.07448984084771726,0.6353660360935927,1
-0.24390926918069478,0.2348769550541281,1
-0.01854008789651629,0.5825430895660464,1
-0.10480514764581339,0.39089738181776745,1
-0.21291180967849677,0.14104145996679796,1
-0.12352251191975872,0.613396090392035,1
-0.07381474764297491,0.37785486673295976,1
0.3813908402822437,0.30529634946677797,1
0.30101314148911973,-0.3814721737783573,1
-0.5724937612397576,0.6819474876824705,1
-0.5642601454556138,-0.2448135535250724,1
-0.7546649580433114,0.5240161209067518,1
-0.5268981499139642,0.687618000518315,1
-0.057034137046791944,-0.9413585718190909,0
0.11216951817202592,0.27411410621064913,1
0.6559648664158715,-0.2731243870076314,1
-0.6499742121786976,0.4412556240653045,1
-0.1703979131862523,-0.425497992709589,1
0.04158883755254572,0.20713382624378807,1
0.3492431852299811,-0.07707468626264524,1
-0.9682873018713665,0.18567368638178694,0
0.8381128940206428,0.504050560322441,1
-0.922931595151476,0.2566059964310312,0
0.10896283258715012,0.20742659227509042,1
0.10984886178186848,-0.3471188106814751,1
0.6238518078290958,-0.6980047339475657,1
-0.423416922542843,-0.516921885963658,1
0.2848510745740589,0.5869287372259406,1
0.8998754542727179,0.3265464869624144,1
-0.19042226720591304,-0.9153467099160593,0
0.9248617021769261,-0.008336329190829828,1
-0.7446988380811632,-0.5411953957389781,0
-0.24658235849605337,0.8565737468619412,1
-0.9157561641526115,0.020081686652867692,0
-0.21770886524447697,-0.8133501267718601,1
-0.6327368009168268,-0.542293787290471,1
-0.8237047363411683,0.19203388691572365,1
0.17221434795457258,0.19838451284168013,1
0.06613331433104364,-0.35838588596863286,1
0.3734991021318219,0.5412721434109546,1
-0.08691056327086488,0.39726100474970316,1
0.9414280956514836,-0.235998647268296,1
-0.23756690837907435,-0.2713117553152453,1
0.1058597700947268,0.5195791139485095,1
-0.37063428508215357,-0.6584162767054593,1
-0.35762958145905865,-0.7887693043492214,0
0.8677144661775857,0.38377538533853883,1
-0.3358694752823028,0.08154211161189684,1
-0.15995814195700753,-0.32835619290022344,1
-0.22176427746078575,0.7190429837855599,1
0.40764316658083266,-0.9041316584531613,1
0.7290727049901016,-0.24410019815466777,1
0.5848819062109523,-0.4084779770355047,1
-0.16925329615619766,-0.31039150378517033,1
-0.06786414751643344,0.09428616037762771,1
0.7738986964729733,0.2355122790491755,1
-0.006888233189001447,-0.9255629204239184,1
-0.881068866359509,0.32963216608418455,0
-0.3868606557989407,-0.21716015756379914,1
-0.7882326787549918,-0.09701856016434696,0
0.7499557540669626,0.2419867464793366,1
-0.2968699358751601,-0.2567285240890962,1
-0.4492902131786969,0.4191210778471628,1
-0.37511393210409616,0.026524701478579216,1
0.5128956119344927,-0.6740616385199982,1
0.4567723891833486,0.4979031999906174,1
-0.32490309757875613,0.5400992281302368,1
-0.07652932222523035,-0.22859798793782127,1
0.36273576328674517,0.43123208695385884,1
-0.41455577844829605,0.11825484932815011,1
-0.23319673090403237,-0.8691466458372203,0
0.05285577114516249,0.3974810883129394,1
-0.16448630153739185,-0.8467573246260229,1
-0.7894246761551531,0.20345432487413562,1
-0.4921061886651894,-0.633564016496196,1
-0.10120599262671526,0.723963178366299,1
0.8032273079835481,-0.18840740012809065,1
-0.0811526212230329,0.646279067309524,1
-0.06208487239696425,0.06293660318110583,1
-0.7497631861623903,0.05396167653674855,1
-0.27704639847885204,0.1974666585600091,1
-0.012546974795902166,0.33886656761136047,1
0.6653134690464011,0.2956625202598111,1
-0.4268554396344466,-0.09898986023443523,1
-0.14536447273259978,-0.2800219679370899,1
0.47308498337039073,0.30554994306565986,1
0.323892711127574,-0.7567360698326433,1
0.7513490356406813,-0.5285637384024422,1
0.4809488513275162,0.8407712445758466,1
0.7762224900470154,-0.16469433348818585,1
0.5995158324741343,0.16791338315622295,1
-0.7618175323048664,-0.20199001564804941,0
0.04024289503219958,-0.276924773204553,1
-0.6980507305557657,0.668819721526803,1
0.3980917971560476,0.3234770155187283,1
-0.9072314225983096,-0.4042171027654158,0
0.5840706731644705,-0.04927644149506594,1
-0.48384310508721695,-0.07473197395732956,1
-0.6054408564283986,0.612100826289542,1
-0.7088102609013174,-0.665432419797449,0
-0.6100832919265629,-0.2717533168268429,1
0.09664622988921412,-0.36710005414148883,1
0.04223697594537046,0.8554517564706334,1
0.3830312914880474,0.2908725897326736,1
-0.5646193590377737,0.5064758948127157,1
0.0630337958491225,0.43815297450648516,1
0.18764384615590268,-0.13215091978022597,1
0.3907285844658148,0.6033148001742703,1
-0.06251202593073812,0.7188111468625766,1
0.22334011288650624,0.3338077873265093,1
-0.936155851923065,-0.1321703534725518,0
0.7547522268283462,-0.6305852803101377,1
0.7117209447054498,-0.15396895956887136,1
0.015302240024861913,-0.7979318551566195,1
-0.3669334687761552,0.0023424511721155117,1
0.6892307622081835,-0.12537086696555844,1
-0.5477325558747661,-0.4200933022982838,1
-0.42149317695072575,0.15992391852333787,1
-0.5516110967221768,-0.8079816070873493,0
0.16089039071671718,-0.6481215176344115,1
-0.06321638761996162,-0.49984030834282045,1
-0.6733118519951558,0.15314239122595574,1
-0.12399854176238323,0.6702793962411537,1
-0.33780358588056947,-0.8450856082949831,0
0.05476384109257104,0.36554460212466,1
0.7810491811033196,0.23562853312896848,1
-0.22748974585187254,0.37414747968060946,1
0.7206194219428326,0.13367238994102015,1
0.1305317681534488,0.6311822522221147,1
0.31280138655561474,-0.2582744357819373,1
-0.17714684719606777,-0.12716304485047325,1
0.28862130595814706,0.3046029881887271,1
-0.6929854697556896,-0.38500847709147945,1
-0.12359470776506232,-0.15091159104915364,1
0.7482146300324317,-0.48206043828557643,1
0.21441423644635105,0.21125996825572657,1
-0.5846830696557956,0.7618389870520867,1
0.05829834716147286,-0.6849428181075816,1
-0.18363005559273127,0.8453398323418289,1
0.44150491537406733,0.8687940706929524,1
-0.5378728737909828,0.6631295827262267,1
0.3586298438056694,-0.3323985236962581,1
-0.0627162017101568,-0.9138798776357018,0
0.28053813351141277,-0.29244519919725187,1
0.20471120032473222,0.47472778560476936,1
-0.5174536068657658,-0.058301969069828985,1
0.26895893953597527,-0.7766752352399602,1
0.9069483991876779,0.15741295860932714,1
-0.7939736586622483,0.14476324238337646,1
-0.5201072099090862,-0.28431535191483337,1
0.5983021917669611,-0.28923549241834956,1
0.35149690238373643,-0.41072439412653505,1
0.8944675120852239,0.40808656595542714,1
-0.4022412237791404,-0.4237217520534,1
-0.49268301668917447,-0.5382222813424846,1
-0.6814822481360236,-0.5461149314983667,0
-0.5725734901522628,-0.6923899258963793,0
-0.3942095114089297,-0.36682792704382905,1
0.3074300955720317,-0.19333088833669643,1
0.016329891321850143,-0.6647216617820033,1
0.04140980780219672,0.08932385587316927,1
0.7339126818589714,0.1452725242768622,1
0.40434611871067117,-0.3020444188303959,1
0.4903140288432555,-0.16302374140812348,1
-0.5243119962153231,0.2037344731969395,1
-0.520621036655819,-0.24122982362541845,1
-0.2508679048213134,-0.2171449202802871,1
0.10204277413336871,-0.02787121348962618,1
0.12216109317010315,0.33565781179525644,1
0.589469498157605,0.7604935461863223,1
0.4486346842026321,0.5030248711486285,1
0.7786818268335045,-0.36899319311890344,1
-0.6561535786825441,-0.15448750627439045,1
-0.7965379179775574,0.13121600462405913,1
-0.11588550034571465,-0.17481040808246262,1
-0.6618499788092838,-0.5017890315211535,1
-0.6148866531184802,-0.7646057040584635,0
0.49832521020662357,-0.550704440007854,1
-0.03704468779700654,-0.7939785769790964,1
0.064248844556694,0.713696706027589,1
-0.23615510126567396,0.05703477464415818,1
0.5880303811943599,-0.2573068412799797,1
0.5785370904325906,0.8053537653588925,1
0.7449990733314096,0.08083540851242588,1
0.21304336911602872,-0.3818876743011046,1
0.38190388813443743,0.38641576101464614,1
-0.530876369956186,-0.6530747075291994,0
0.06968259537968291,-0.23817814695233963,1
0.034369734767193405,-0.29267360893682537,1
-0.1258049050977863,0.9174202938556779,1
0.696637466333148,-0.5207716007549967,1
0.9563677205226495,0.25387575767502013,1
0.5870358583579842,-0.7288366401609467,1
0.6414919577109812,-0.7123475916074262,1
-0.6856914448806584,0.014132128056532522,1
0.5807795055587015,-0.03622945221504503,1
0.29371512911989717,0.06921961777862506,1
-0.19738249950101028,0.3884194640056675,1
0.12517241057034778,0.9106080827451621,1
0.7753582596411446,0.48542771972872245,1
0.22614274124814315,0.25141373912673215,1
0.5807975544036224,0.4991493178802877,1
0.0766836927198804,0.6104908436639465,1
-0.54468400017357,0.046927705447350476,1
-0.7389022155714424,0.5607879726789549,1
0.27067416592287974,-0.479864933779228,1
-0.3275613263038908,-0.7069595644016229,1
0.4883408883204139,-0.5376830371483343,1
-0.11732056905812072,-0.9807011032276061,0
0.48721114475352234,0.5296512954182955,1
0.29827269947268165,-0.02344326514184547,1
0.20552405571802979,0.5240734953052517,1
-0.6800702047244942,0.6240332032742593,1
-0.05073521546741966,0.20295239987872327,1
-0.11051111692874893,0.8642465734440221,1
-0.096258996545316,0.4789000192086692,1
-0.22945543348832054,0.04756291631756859,1
-0.680448790102048,-0.5182525008844543,0
0.6353213481675575,-0.19982992558653323,1
0.07602204034073923,0.5434155370440579,1
-0.5048180766928521,0.48721973503811467,1
-0.3397793987541491,0.2809622019067941,1
-0.07820987183338612,-0.08700763583202398,1
0.3511286251609327,-0.3207775085219391,1
0.16109933584065317,-0.06030968840283357,1
-0.04761487049889168,0.73684655078461,1
0.5716050233063301,0.010431969663066143,1
0.2243044142883417,-0.4106688255043922,1
-0.3900761226382987,-0.863033092469047,0
-0.9630322684040866,0.17313527297634268,0
-0.031420683999375365,-0.16261701058249445,1
0.19136102678414746,-0.03574448619007353,1
-0.6321417032679721,0.5417276567472205,1
0.22519896012706608,-0.5776502022058561,1
-0.9044541774165351,0.3417540846947884,0
-0.7926897085419979,-0.3990194719448328,0
0.18206726413195984,-0.9073320611615328,1
-0.5600190162918082,-0.07078377919921142,1
0.7131124013454713,0.23814605653055887,1
0.5166068445134218,-0.39428040460966685,1
-0.5731172451610866,-0.01163421618051208,1
0.1517787433805542,-0.037290727907651755,1
-0.8398255696713077,0.43711924720537154,1
-0.1331630433781339,-0.2742391908262516,1
-0.7424175845703611,0.6064284329098322,1
0.4012905327222185,0.6091197013400709,1
-0.5057533954654103,0.8224797368539665,1
0.1883322895320092,-0.584887386857579,1
0.9035569372004983,-0.20968828572091103,1
0.008426800473231744,-0.3169891100499924,1
-0.43232534790304245,-0.8680181066216752,0
-0.4781665121430161,0.3817159126951053,1
0.29444013583683004,-0.5104931184416375,1
0.3123619615769162,-0.11141842787533052,1
0.4090755221287534,0.25059904624691387,1
0.6721621123563295,0.044390586314425384,1
-0.17043767127513165,0.4636752203440593,1
-0.10220272806555375,-0.5304770444760123,1
0.542275606287443,-0.07191766567421376,1
0.5371914616419222,-0.6365283575115821,1
-0.4678876046022842,-0.5342391956287116,1
0.5904716472458229,0.08176224353359651,1
-0.05727843578791059,0.9382165468162453,1
-0.5983948963590906,0.8001261324837121,1
0.31144329476058363,0.06333850529789764,1
0.6817898998643697,0.028216413683994634,1
-0.6437600435053279,-0.6378817009326387,0
0.5374767400875464,-0.498799710852893,1
0.5380337143937473,0.38927784612949345,1
-0.4784615219807564,-0.8079565729178295,0
-0.3501241542278495,-0.23361542687942016,1
-0.04424192056482701,0.24384786041637052,1
0.6156307067635798,0.3659842453879083,1
0.07742537440627872,-0.02949774064500743,1
0.6432922965687609,0.40695740920736334,1
0.4352624786402508,-0.6221813048370124,1
0.07083348541460244,-0.6247081489935771,1
-0.40262506339267223,0.4946530280856838,1
0.14770353278849258,0.17589922858254425,1
0.41132482840838636,-0.32472653267714957,1
-0.2936851429385723,-0.09928912249746946,1
0.9574627747837086,-0.17934829499392757,1
-0.5346743277961898,0.7996980168176282,1
0.027893777464314207,0.9477251401499391,1
-0.821547263470952,0.3069271315815041,1
-0.6698214419209036,0.6029465993807903,1
-0.05809989370820823,0.6829569140429261,1
-0.848549275488824,0.07288350593669302,0
0.16447022140079914,0.25581812785492475,1
0.4645544296858122,-0.8515780217609761,1
-0.9369237881161101,-0.3291268949139383,0
0.3203304119322785,0.11965409365000967,1
0.8274108805499434,-0.3669264860744399,1
-0.41446698388155045,0.3356160195146538,1
-0.8746836388503509,0.4023222697738478,0
-0.057605675690606706,-0.7383873557163065,1
0.4534828288272388,-0.527217082757454,1
-0.5955048394790394,0.059356823193138286,1
-0.6619257035925332,-0.6106395991507165,0
-0.2277416495021909,-0.6901926677266963,1
0.18217567617466668,0.8833596272559485,1
-0.03352766732836909,-0.9315366115315258,0
0.4776776493920132,-0.5311204446659328,1
0.6832907324951003,0.6040007232718685,1
0.3234565853170286,-0.26449846630376106,1
-0.329225345023737,-0.10654170674018415,1
0.09260063541220953,0.0028321055342763746,1
0.722271958740067,0.3636905638331591,1
-0.9557982468978095,0.07723897759684051,0
0.9602646941286941,-0.0042168807020419585,1
-0.5083731246020766,-0.33460676056181127,1
-0.18341748890493892,0.13844205101791274,1
0.14176107512185698,-0.724214085021949,1
0.2217606947409534,0.26704551506771357,1
0.09632389522505203,0.4712803716636811,1
0.4825462590855436,0.2569044336636961,1
0.4389256228910541,-0.2594868716830865,1
-0.28628940161813254,0.1078890737043472,1
0.18951753015401374,-0.4156548038190182,1
-0.7084186710599829,0.6875740747209249,1
0.6903822209293546,-0.21976075853217192,1
0.20791406618391517,0.7502730312668888,1
-0.19399960914075032,0.7397044489568048,1
-0.6290569708464033,0.48336061872742797,1
-0.10988970361382155,-0.19117901044234054,1
-0.06170059757390711,0.9011029419204446,1
0.6230625529738967,0.529237289703022,1
0.11668392629602553,0.38113784764168623,1
0.5288076278286735,-0.617359734373327,1
0.17788566429313013,0.8268054913883107,1
0.9200375091708337,-0.3251389445406738,1
0.001149075435473934,0.5793232903333916,1
-0.5269153694529114,0.42241948881247504,1
-0.15343608981540924,-0.646165368309928,1
0.9177108485387533,0.0028712488935860314,1
-0.4812642668427336,-0.21614911380870616,1
-0.17827566108329274,0.12607741147063178,1
0.3166533206050268,-0.18171571116258667,1
0.04755325015880496,-0.8265443844027793,1
-0.3104527938464221,-0.15537260924387475,1
-0.8217634207814395,-0.3618041204232598,0
-0.7660951475285815,-0.03795289742326724,1
0.3637412682911776,-0.10775689513641562,1
0.8067008646627738,-0.4937453580088089,1
-0.38259194303065414,-0.7765504405372534,0
-0.10936283386161882,0.9597487951709278,1
0.7740330173958561,-0.6035835430905008,1
-0.14750132936177973,0.53581595831194,1
0.5582955174269231,-0.1797838256889115,1
0.1319644292246407,0.7232356953976657,1
0.1679852367264265,0.5188930090916064,1
-0.7679506922562822,0.5253110579236855,1
-0.10770919238848742,-0.1929711442804829,1
-0.009940851812805462,-0.15727104802756364,1
-0.0413667142619869,-0.7850108627586754,1
-0.08838013849230375,0.4967026901721301,1
-0.6308309938446588,-0.4216897697499675,1
0.0741634583487818,-0.28938082030018286,1
-0.6207769821464892,0.15836056263634224,1
-0.8507275274290051,-0.3485822122428843,0
-0.03202323461326673,0.021273969004554694,1
-0.8581565110983966,0.13582607504513233,0
-0.02587474067671125,0.6867158910946034,1
0.0789297324070024,-0.3115380531977494,1
0.7830328066444692,-0.17225791655550537,1
-0.28280173378218065,-0.4695936982300173,1
-0.6870760127069324,-0.3933213546143386,1
-0.7578448064731826,0.3691990620373007,1
-0.1147235902062338,-0.29353449446833624,1
-0.5836880720948441,0.16196843349664625,1
0.41899675574763373,0.5798355040000163,1
-0.3706244146713502,0.07636621479074601,1
0.4035507849501285,0.1096749298464943,1
0.3213527897381674,0.7521515760637725,1
-0.2126571842968501,0.09893883911204093,1
-0.6347283746800632,0.5779755503844597,1
0.9325735375946858,0.22074913816347408,1
0.15804441617453113,-0.04849809428466845,1
-0.9565001334992904,-0.1780544492814684,0
-0.1478111527014363,0.6260987317531337,1
0.8899475452132943,-0.03443168976626709,1
0.33049199303053656,0.05891674484521592,1
0.6623872124529169,-0.6286286215983574,1
-0.3835255558610844,-0.4807293339969292,1
0.6585345251467207,0.5338611999165497,1
-0.40780228999300516,-0.3286602857204364,1
0.029980122627030648,-0.07615433122737603,1
-0.8150965488462374,-0.30582739121587643,0
-0.3090718518206388,0.8506106098025976,1
-0.7428675926819477,-0.3678012819657046,0
0.3749197560403783,-0.6294049693599426,1
-0.7592744295153142,0.05609206472613315,1
0.6472791427805766,0.5718393840239082,1
0.4904267106983995,-0.35792126751527253,1
0.5414995260972735,0.7591669125366542,1
-0.7867784632178456,0.07679027966525398,1
0.5484851078330133,0.5447927359259583,1
0.03720762572362468,0.5874884075283398,1
-0.29255128074440906,0.5355910816639846,1
0.5735116198621795,-0.6295701980269994,1
-0.21594114880131543,-0.9568222432507689,0
0.017256025738611847,0.6434978186341191,1
-0.3066104014801181,0.6909120639047628,1
0.21168265999081481,-0.25762787383987784,1
0.6785951702773318,-0.3029005502830926,1
0.5610263737168995,0.473086096635301,1
0.19806802676936286,-0.474232230536497,1
-0.16091414281640848,0.6631582091140924,1
0.2648215667078877,-0.09409275933325922,1
0.8893469902634081,-0.008168354518289567,1
0.4862321347306764,0.5969031927928798,1
0.5272298171628884,-0.19477928824305968,1
-0.00797860848053622,-0.779875153225527,1
-0.7463740526808622,-0.18787412206864884,0
-0.37499560578556457,0.7975622894658378,1
-0.07892341026155036,-0.9828509199898716,0
0.6284408001273665,0.6799835383623283,1
-0.057610453255953153,0.9803373142760559,1
0.037882632047278486,-0.1584001893472604,1
-0.3968931994880498,-0.006552843998228752,1
0.7579102862633762,0.035726047462425914,1
-0.20767611036571454,-0.6207351822540412,1
-0.42389842173331194,-0.12061184908485245,1
0.6030277521627345,-0.6599577436432442,1
0.5439347515465414,-0.6995851307630192,1
0.9235973566172659,0.34120058542226506,1
0.5299438151517359,-0.44055581358852347,1
-0.7992253124204138,-0.43451531788034536,0
0.18594376339774832,-0.9667587214280964,1
-0.3434855777124419,-0.18068642284686254,1
0.48611205768197197,-0.4303212849474216,1
0.10341005964954109,-0.6226602995119734,1
-0.005300634615587496,-0.5923844569673713,1
-0.34119405326241714,0.19524307936524865,1
0.8577187235093993,-0.10449076248801159,1
-0.1652687422192094,0.005615100493720604,1
-0.8237111953747391,0.2599258939326974,1
-0.2362867107738773,0.8252638596127928,1
-0.04542942883842738,-0.5304518430256502,1
0.04717063164619084,0.12552900842840042,1
-0.48461700981720424,0.5701808954134284,1
0.7043308286452263,-0.7049645462153589,1
0.12037346119695158,0.7208109680144772,1
0.5207569133227372,-0.050116107065388826,1
0.7199385287021234,0.20861229963379202,1
0.6526119349225394,-0.10348796328011356,1
0.5016312571205006,0.11020909641343057,1
0.4748782730614829,0.6115135521166548,1
-0.921840425554685,-0.158426321249153,0
-0.47958432752587177,-0.5320050665134899,1
0.45546090667783234,-0.047512531324679586,1
0.4411417749035107,-0.18908641619343625,1
0.20325420352083046,0.01730019354447565,1
-0.36174128445218545,0.9152615349416386,1
0.6440022630811131,-0.7259904310665317,1
0.8315313528811583,0.0027301889006052793,1
0.7760653741691583,-0.1714836563547486,1
0.624234534177619,0.7127245618960374,1
-0.25337060217044627,0.07562263654967682,1
0.3015620795971019,0.6386912531130655,1
-0.584613537546266,-0.05377912216469127,1
0.4538301527200661,-0.5865040139862563,1
0.7375740277354736,-0.1338911399829401,1
0.19251836461699812,-0.8828220329955399,1
0.27347450396645123,0.1698981224055227,1
-0.5299519738244147,0.4708870001628598,1
0.3894033094613365,-0.029855882557618507,1
0.5207685532895703,0.2164371132668894,1
-0.8247472652575036,0.4963965503890022,1
-0.5173181070646784,-0.5251875388724534,1
0.09850133145906081,-0.2847968110279233,1
0.2940650563611171,0.5527958183820572,1
0.2065438948001399,0.5633796546868135,1
0.5190218243414615,-0.8411456775755546,1
-0.42021876129060587,-0.04093980190099167,1
-0.32842606542114927,0.44118981046398753,1
0.11553284662939389,0.9559089898027047,1
0.264956181374594,0.2742779546209937,1
-0.2662244281729471,-0.4278339983759498,1
-0.6238786082058263,-0.4040564629153316,1
-0.272694955790878,-0.7477750859944914,1
-0.5507954209174835,-0.1461998123067998,1
-0.16226045063034533,0.9848613671397937,1
-0.3428782316338874,-0.7684567553662247,1
0.8188982058973375,-0.3514183169341667,1
0.03050761601148011,-0.7042324891984764,1
0.514871827712426,-0.8071698124474471,1
-0.5054961544113921,0.04033648791629618,1
-0.6477315640351173,-0.14968162408241192,1
-0.017191623904836417,-0.2809879840545868,1
-0.3157502992256094,-0.36235481294179817,1
-0.4355217128964288,0.3152885094127311,1
-0.5692209577777889,-0.27460543175192,1
-0.16590381140408406,0.12602607829017987,1
-0.9568565600740884,-0.2685310256240736,0
0.8011004475141648,0.31431437377149085,1
-0.13123016525814823,-0.12068967695166655,1
0.14455776312125823,-0.9043298604847578,1
-0.1489485319824133,0.8340546225196743,1
0.19400201716187881,-0.927232358130861,1
-0.376316869955722,0.4664147147368005,1
-0.1034154112307788,0.6479170254149078,1
-0.028003293737770996,-0.8090730706663696,1
-0.5179642880476854,0.18226215767047438,1
-0.24092866984903538,0.7526278152557719,1
-0.9465255530691816,-0.13472546701016075,0
0.20296408165907143,-0.5296600784870886,1
0.6598704296008926,-0.2644559397594006,1
-0.6957444313393972,-0.6623063064478261,0
0.7795526343060561,-0.3542938949519423,1
0.3595722252174198,0.0454002714155608,1
0.06755609182491873,0.49711008285717617,1
-0.8262619408747196,0.48954239275833045,1
-0.06696081959942668,-0.5531443510668526,1
0.5105834552399291,-0.8264833464914645,1
-0.6694333639134205,-0.20849280833004502,1
0.008630761053238567,-0.16028785082987018,1
0.45920655546190425,0.7238547428998083,1
-0.21207945653771954,-0.6742078259962214,1
0.08736882737472618,-0.3719481261907134,1
-0.20260779752560643,0.7243601341154906,1
0.24246252345251418,0.38613187398629223,1
0.10556952221378091,0.9837574846397721,1
0.9093551851741593,-0.035619784672272115,1
0.6933140449882051,0.1912204880809345,1
0.8145963598746582,-0.3628749723519187,1
0.4010877116234439,-0.36342591411988057,1
0.6908948454795618,0.2468726007832054,1
-0.26604589555353075,0.16477143778699554,1
0.3076590810755009,0.3316701943670619,1
-0.986461989483921,-0.022270418875174558,0
0.4617244206864495,0.2701676044545047,1
-0.6084810526698605,-0.16827676210549036,1
0.4737725643800541,-0.6201920460694939,1
0.7346621093007277,0.5450331043882584,1
0.48642635660079336,-0.20421450473602687,1
-0.6737124126670369,-0.5410739108007254,0
-0.5657070596414411,-0.5527023995818996,1
0.2520028406589163,0.47002419089086356,1
-0.5849254239141146,0.5844308968156862,1
-0.548497029985016,-0.12461667070761573,1
0.03602674938095163,0.5039521311097712,1
0.4442383596373072,-0.46485792561973693,1
-0.024101951488540774,0.08507373908839244,1
0.46986642998932426,0.614222331198943,1
0.516004665368746,-0.026276405687112536,1
0.3356845212175661,-0.7528770062739756,1
-0.18518849066395204,-0.12065450170964032,1
-0.7620582943535796,-0.5569854361933317,0
-0.9162600275491148,-0.22220951015938728,0
-0.5212214539819653,0.33516352098633684,1
-0.33944178324261887,0.7918918008864408,1
0.5538026268893885,-0.35513707903849245,1
-0.8181253764694678,0.3518991447588695,1
0.2026400402864481,0.5505169905027469,1
-0.28234929737703873,-0.7373915996999345,1
0.2242763377588024,0.6527652202574914,1
-0.809586955494171,-0.16137211033931997,0
-0.33319928741164895,-0.5820727758622468,1
-0.266871477194881,-0.9478639324371201,0
-0.143369821122453,-0.563883594756688,1
-0.7301287147313418,0.15552625909812123,1
0.4389465749350825,0.44897629442566744,1
0.9147507578270435,-0.3689654837269283,1
-0.45528556742978465,0.4418727655526198,1
-0.7632309004103706,-0.354920746001421,0
-0.41393361615737234,-0.8228552741989534,0
0.6870940023746259,0.005156157102077064,1
-0.2492593342295173,-0.8254931437160182,1
0.6114076057318023,0.6675776647687135,1
-0.7232668748840481,0.5286017934223235,1
0.41963877018425855,0.254143506263949,1
0.42389373935217933,0.11341944307309548,1
-0.5640122050498622,-0.6489000277491692,0
0.5819159468454218,0.5033970560175023,1
0.6749464002444028,0.01775473567817243,1
0.7142536925873808,-0.5623005222776856,1
0.8897273095378675,0.3321201317957325,1
-0.12200143681883158,0.5808698074001584,1
0.030581265494564303,-0.7969781171852137,1
0.6507578434271486,0.21901555776341586,1
0.47185362255997165,-0.0664643786251955,1
-0.5867609971826244,0.39730669384582695,1
-0.5295401985534076,-0.6716209073404389,0
-0.054157082259312705,0.9634652614681731,1
-0.07626675656481918,-0.763728350787622,1
-0.5296542175975034,-0.8152255628541836,0
0.21648754974459572,-0.24699017112934318,1
-0.49687503755208096,-0.5042028020745979,1
-0.10017660602536749,-0.9566389230657819,0
-0.6445000283582689,-0.05900914693207393,1
0.1784250938200329,0.4638505743772128,1
-0.2482691456323609,0.29588978452495573,1
0.0921779660226052,0.05492330085452357,1
-0.9240157346639302,-0.11511788691234792,0
-0.20186709526499258,-0.6508097945038336,1
-0.8617528238865746,0.3896117943022006,0
-0.3367999068817351,-0.09243779024276422,1
-0.8245026742013686,-0.28545907732267484,0
0.38920829647525634,-0.33529309517978856,1
0.2388280337733666,-0.7458515916980626,1
-0.002984230487259598,0.8691352618585562,1
0.36959079773872916,0.055669460457188125,1
0.16641131961027456,0.7117047554975557,1
0.5629546679461841,0.29758504279069475,1
0.06480795420938512,-0.20746108167146282,1
0.4445183763477796,0.5961844807208025,1
-0.5293032231043309,-0.42405892078061935,1
0.5245029392012897,0.6097378642823645,1
0.5216102877061304,-0.15926523802175052,1
0.21177270959852357,0.31262506197016315,1
-0.65308948597177,0.33504486882845463,1
-0.2985601203046728,0.9077007119883174,1
0.5857508261854363,0.5384316846760091,1
-0.9480989547051537,-0.09106267717916805,0
-0.48712535179887007,-0.1040576094439869,1
-0.341440059260838,0.5585065074156239,1
-0.8920015805165871,0.3577072123694722,0
-0.33495946506195673,-0.31001916140282315,1
-0.4171195812877553,-0.4651625869751008,1
0.6718233678042069,-0.22138902937432237,1
-0.030565948330348203,-0.2174416583751364,1
-0.7999813634296475,-0.0816153184620767,0
0.300200960369845,0.3182569489615874,1
0.07089343111597879,0.9595518963647847,1
0.5732173254087052,-0.0017516950426876843,1
-0.2321016784155292,-0.5060216032160203,1
-0.29632392513118466,-0.49263288451699827,1
-0.03666026191391336,0.06272087706115004,1
0.6149522284773761,0.3204406679128802,1
0.16310521161255176,-0.415701470082132,1
-0.47937796096256435,0.2299926641987906,1
0.9142118673750312,0.2853817920690114,1
-0.29931437102389546,0.4584331683114984,1
-0.07620110989523599,-0.4210526959006833,1
0.45920373412541493,0.5473984621395307,1
0.6072141022170097,-0.4439620053135589,1
-0.06209534909384251,0.7840090334703973,1
-0.6333376515988942,0.7332222288456833,1
-0.23735985666536052,-0.9338799051266535,0
-0.09610775572495123,0.5174341735871371,1
0.2619979890204518,0.20252171570179023,1
-0.13452396238318753,-0.29520718321289285,1
0.3334805287785514,-0.09286535483983438,1
0.2664180374230247,-0.8882878684438105,1
-0.4628261049575624,-0.05663728454442718,1
0.0033352403697664013,-0.8585389835366368,1
-0.6599460003543778,-0.5156111043669629,0
-0.30233524363008213,0.04250402715525592,1
0.5720348036059766,0.16762447755572496,1
-0.04555623132508213,-0.16567942517113443,1
-0.8417755989566478,-0.2931624576090017,0
-0.5002413133147459,0.4997951932841336,1
-0.663903280367947,-0.40946849732998536,1
-0.7070948733359892,0.14195873902820932,1
-0.2976010382709309,0.3652752695046457,1
-0.2669838153891493,-0.329976271131202,1
-0.17004475611293768,0.16620810483169612,1
0.2687386536342329,0.31762112524717967,1
-0.5509993742657247,0.41999941806755103,1
0.1768685483568051,-0.03270790256423228,1
-0.16325251864311996,-0.8832597298674891,0
-0.5580920916038388,-0.6944637604340209,0
0.4349843875545547,0.17700187136979828,1
0.4050075389252301,0.09234376286196566,1
-0.574112945710318,-0.7702767610367522,0
-0.3537153292172661,0.052777447011067125,1
-0.869113176861527,0.35074212883124334,0
-0.6263996316300371,-0.4332580302058413,1
-0.9939813363781336,-0.08458414485071475,0
0.11203914122267511,0.8640991615966309,1
0.6407403778345355,-0.7160899881165093,1
-0.1669263309686546,0.30913153609460187,1
-0.15138024874070144,0.711586064858724,1
-0.23534384807370312,-0.6480359670775659,1
-0.5558737958848476,-0.473523674622808,1
-0.5964450882372547,-0.3665833938330163,1
-0.3896225902315953,0.603585898335322,1
0.34267847204824786,-0.5067155773352348,1
0.6319159111326016,-0.7001765549340255,1
-0.27844824630218223,0.5942425246944263,1
-0.594278802293817,0.15953371908008873,1
0.1540202322898807,0.9829763270286342,1
-0.7283489446942075,0.3115520611515534,1
0.6101070396963384,0.3027282817763013,1
0.8366241551964402,-0.1773125865958023,1
-0.09309072998468881,-0.8908936133246728,1
0.5552361350569479,0.20470211186895249,1
0.1077328396353483,0.10942809645760176,1
-0.09642769130618167,-0.24208680360827217,1
-0.02780678496800082,-0.03392699269864208,1
-0.51802532523029,0.849867135190205,1
0.020068863597385356,0.5745271023154206,1
0.20371375998796148,0.8174091884434882,1
0.04371413449585382,-0.46952207866703644,1
-0.28375160536404787,-0.9120967330342846,0
0.598583358732141,-0.5984829410807355,1
-0.09127370387477018,0.6839958258402024,1
-0.8217608839730863,-0.013803638652425176,0
-0.7846331105213753,0.35925401306371163,1
0.08991491164920062,0.7357321923121476,1
0.19552965732455174,0.8888330695173823,1
0.510643033296984,-0.132974754652595,1
0.29719918868851947,0.4735976945516778,1
-0.3559098084959129,-0.17051830556657643,1
0.6452635817290666,-0.4328815865997142,1
0.6948744146440673,-0.6720769778439368,1
-0.004880793057605581,0.4802842980383335,1
-0.5945531959076535,0.29003232907587706,1
0.5649035632256021,0.33580817723567913,1
0.07392327292609324,-0.6440997951165699,1
0.5945844649857515,-0.6286282936282404,1
0.4731855243687404,0.05813694346461662,1
0.18916435563538814,0.7156057361553319,1
-0.5296107708236524,-0.3950425943364595,1
-0.9347659537740123,0.20041527452071706,0
-0.564694628197679,0.4280275178727144,1
0.5183819819348521,-0.8076649984839899,1
0.6901549137087388,0.2045601225710747,1
-0.627597701863498,0.558729685132813,1
0.23788326517889935,0.5236643285848817,1
-0.13761426433192514,-0.3446821227330015,1
0.02701063983565133,0.09430600624874552,1
-0.47866604866460305,0.2312406758897132,1
0.13459085367559753,-0.6418080648975302,1
-0.49172966080178804,0.028693849541182814,1
0.49983486470271354,-0.6459167751672865,1
0.8030811510820797,-0.16444944848114962,1
-0.6998232313550339,-0.3339878309340514,1
-0.715439008076997,0.21756713410260153,1
0.10777394031837062,0.800248329520912,1
-0.299611995788406,-0.126550676343538,1
0.5469802251476328,0.6200308076958894,1
0.1119232474346803,-0.899068100098765,1
0.14685032297340528,0.9141144642754175,1
-0.06359345002047401,-0.82974313197656,1
0.06293314030812502,0.1115379047753029,1
0.4964435873426749,0.3749827576164324,1
0.02641350536837539,0.5441544383486523,1
-0.23731424874103668,-0.4486938947657848,1
-0.01353786779752153,0.9720702948451316,1
0.4641353698919999,-0.7710045845829292,1
0.48130203327768695,0.21291444201772736,1
0.6356735536153979,0.19205891153870192,1
0.33205733970116014,-0.0962686196406426,1
0.5270445056183917,-0.23191996012773441,1
-0.8243185954767567,-0.1756088794891506,0
-0.24659095799345931,0.9448965724817979,1
0.3195618979367185,-0.5703523050117336,1
-0.9292931453607187,0.17429978579748262,0
-0.5330107591043585,0.3656393239090019,1
0.33831166156149894,-0.4504236681886451,1
-0.24895709424489487,0.5786395723804609,1
0.21475254830467905,-0.803605394797138,1
0.12551190297408454,-0.8151843167969055,1
0.8093688032254083,0.4203319237186336,1
0.9111693307419906,0.07195675684664038,1
-0.21682268127178794,0.26023264976247584,1
0.16860316686293153,0.6743282432913933,1
-0.30071174147647484,0.6150829141491108,1
0.38220495017763123,0.29179512068210123,1
-0.32679623182021333,-0.1535354118049379,1
0.8471462577621593,-0.3023098621921758,1
0.29567472988461585,0.29622678395496393,1
0.3417801201240338,0.7443570949780145,1
0.7442349629146567,0.5023670757039125,1
-0.338570427710601,-0.3758335244899167,1
-0.1250827301304489,-0.550410400019085,1
0.34671749385078154,-0.49270883656305675,1
0.31121082181284954,0.8437680829882588,1
-0.7065310807576355,0.4113398007859246,1
0.16544489406464558,0.3851379477166055,1
0.684588235056149,-0.31149337323290127,1
-0.43025893033940155,-0.11842016172617176,1
-0.34986386871773045,0.3675862713495941,1
0.033788546435645994,-0.7030434349012129,1
0.5652957024549927,-0.6708656125337056,1
0.3394659952085597,-0.21311665300285365,1
0.38188838999096464,-0.07796917828964767,1
0.7536220882247355,-0.586002433747584,1
-0.7726364990091033,-0.6145403557432356,0
0.8159741474638411,-0.5161959735297903,1
-0.02044710952502271,-0.9125741935173362,1
0.4794611450881805,0.5711126305305374,1
-0.11736019866032077,-0.3404318097470991,1
-0.5975762511781706,0.795297643915778,1
-0.5908201662301609,0.12845260346874965,1
0.015327394575765929,0.1952772718761775,1
-0.38868318791744283,0.3583615402021556,1
-0.3995794216123325,0.5934935374551815,1
-0.029292458877027583,-0.491956824530261,1
-0.5859635642508576,-0.48576142842467585,1
-0.09897301796926739,0.9088106513306136,1
-0.7307029733245023,-0.4995295636203101,0
-0.9428136148872956,0.2660877187878672,0
-0.1450009020471057,0.2635090540641516,1
-0.5049191564687672,0.318567443597757,1
-0.8360974588883019,-0.1513202223879575,0
-0.08953486659592413,-0.706759467741048,1
-0.2656605022470848,0.8077790875908464,1
-0.8070673264774262,-0.41196542289725424,0
-0.83778886670546,-0.04585617295999844,0
-0.10293634702105137,0.6323365679160051,1
0.3022199298504813,0.4135545302096353,1
0.43735928801709356,-0.5063815533563265,1
0.53032260535589,-0.04301083608254186,1
-0.07134280126029968,-0.1368394712212837,1
0.42986792540918795,0.6813762971133803,1
-0.33740603340382314,0.6669114520199433,1
0.1451724816852309,-0.9164953078780755,1
-0.9153062596378709,0.28707600687862733,0
0.6319924820621834,0.1584209942468311,1
-0.7502056738358813,0.2278389053978238,1
-0.5456254744696367,0.4540954225938083,1
-0.32001637902078794,-0.13639575016372296,1
0.6559500356059009,-0.5318175760372181,1
-0.2172133146804094,-0.169063972458954,1
-0.4930055881337321,-0.5372119237670134,1
-0.4344795021717398,-0.2271625980416263,1
-0.7418539961107804,0.10364134959911442,1
-0.6392959494735935,-0.11003354456728709,1
-0.16548500892148255,0.20786594356973498,1
-0.8105635430881979,0.42203221051902173,1
0.5047390255752704,-0.5206547792059231,1
0.011639634247821551,0.7352647322575281,1
-0.7279436520278333,0.4608435207542456,1
-0.04722352417912612,0.7916155315522502,1
0.04206265546607346,0.290469733790613,1
-0.10655675587613023,-0.23392102885181276,1
-0.7340060381869817,-0.16030696561674196,1
-0.45010692401468844,0.04286500447486463,1
-0.6002580841379554,-0.6770092938630821,0
0.16501090009430275,0.21630566187079348,1
-0.522413795591415,0.22554130161944363,1
0.7369456215288246,0.3668168887416332,1
0.42676275270165176,0.5609469324450655,1
-0.48866219216781714,0.7326660981313353,1
0.9911619424509863,-0.03995990581221709,1
0.17246371103971603,-0.7889717969646222,1
-0.2982314753729358,-0.9196430294515296,0
-0.1474747190723309,0.9424059122077504,1
-0.1716095829276867,0.3685277398115401,1
0.30032014432648935,-0.3503747664436905,1
0.2916996430494785,0.4935994856681356,1
0.40279599197328,-0.5569207572512487,1
0.21965001152035635,0.43304159060659364,1
0.39184308538942014,-0.813182934434681,1
-0.47446490693849364,0.3477492222091543,1
0.1308616204939792,0.845545716520619,1
0.30667665716845915,0.9438928602892842,1
0.4478929763210149,0.21067280105201913,1
-0.7802483752293015,-0.2664324200534802,0
-0.5674294640314814,0.18217512474713837,1
-0.2592883336961631,-0.07761980891420284,1
0.7067641728493337,-0.5897777962028492,1
0.379133280244935,0.7684581408298194,1
-0.5307254795737937,0.7664915512179027,1
0.44801467976568476,-0.16787407038665902,1
-0.32550177173594563,0.1504235226255244,1
0.10405857187088796,0.9929628569941027,1
-0.5179907661283225,0.23210473078894922,1
-0.12945669531905524,0.9178294077894791,1
-0.40960264427480153,0.7130874390760409,1
-0.8544627323553282,-0.45982980422632025,0
0.21195317816322023,-0.6381813088592525,1
-0.4344965896514037,-0.30444474800393606,1
-0.25835231216010746,0.7277176751590486,1
0.4980158502884664,0.3907631605489761,1
-0.3436157942253628,0.338475251464323,1
-0.643967086993519,-0.327392653239414,1
-0.5599947004558468,-0.5327601704779625,1
0.3502351247708728,0.4311752610798809,1
0.6169470986577485,-0.6289668598868483,1
-0.6029877772454266,-0.6810986333217801,0
0.23662934566337968,0.3491261874462601,1
0.8535633903179736,-0.15449537396262225,1
-0.22429165114422833,-0.7690925019259167,1
0.18909957114053766,-0.849295954032057,1
-0.16273967230107766,-0.24753076117738693,1
0.4176245610962752,0.201828242261475,1
0.4433337030522204,0.10541996726615888,1
0.03421546473315562,0.4211555220187031,1
-0.5436596521331833,-0.7447165220483607,0
-0.6034440922335431,0.47934218419249963,1
0.9342871858527351,0.0918780899304934,1
0.8438456753631887,0.2563961792723133,1
-0.20689709345633922,0.24557655144401358,1
-0.23390492828051213,0.9195564644068102,1
-0.06389500318568087,0.765542125619449,1
-0.10513882156437737,-0.670279742366334,1
-0.12268088676786593,-0.20645461295237255,1
-0.5722153623353907,0.35785207437792876,1
0.3170632357545127,0.2534560598793141,1
0.6125017560160577,0.4717658101471103,1
0.12689625778416036,-0.6418595279611516,1
0.739087261170926,0.38820751746002813,1
-0.5846461123035158,0.312530664614199,1
0.8217817650912616,-0.06289347405659251,1
-0.2445283016597002,-0.10768001631152946,1
0.6028663774167022,0.2655979295109072,1
-0.37651694542318626,0.8010363637779101,1
0.22763613259556048,0.5419625459043995,1
0.3001860399416454,0.18541453416640952,1
0.15431076431853485,0.16690389572010345,1
-0.41888642504071494,0.6220753806101829,1
-0.4569688129759222,-0.6476517771091006,1
0.22848838481857658,0.40849808028662116,1
-0.04020954167251323,0.09757500853914935,1
-0.12050774573508027,-0.4190014038676275,1
0.9004549531320984,-0.1855867565588012,1
0.00812367451959517,0.10464152033377006,1
0.7977853832267678,0.2675345137342444,1
0.3363213093437962,-0.656209507111704,1
0.6902025710166102,-0.2858873076239472,1
-0.03481246318802378,-0.791424373812855,1
0.6601039213780273,0.6040325227825862,1
-0.643785563183175,0.25997940312792167,1
-0.9779005189969401,0.09510568301196054,0
0.814749130430187,-0.03752980579058107,1
-0.20828487674380947,-0.122699263226975,1
-0.4322535625119295,-0.7483219756069068,0
0.2766497708152076,0.4715228413790551,1
0.7020029673119232,0.2555001701806212,1
-0.46143770732872125,-0.22747491665705977,1
-0.6570615276956313,-0.014386789886001505,1
-0.06501673531469487,0.4343628445337617,1
0.11661952935640918,-0.07086196242773934,1
0.2950110430586139,-0.6187758622082782,1
-0.25817408748118176,-0.8563197712464199,0
-0.5559738948715129,0.5524028573335311,1
-0.22969757444010996,0.38686041360518963,1
0.41173323008933616,0.019067676722551274,1
0.10403282603623332,0.2698127257048206,1
-0.5150479014171625,-0.7265460109977078,0
-0.11103159515449756,0.3214275311080894,1
-0.9297949710799969,-0.12235358213888747,0
-0.09483302702270979,-0.3103802827291213,1
0.24435827477143635,0.8753169276738371,1
0.8074657804247904,0.16060068377578163,1
-0.22586555890880033,-0.6023763598298242,1
-0.9382588145955906,-0.22550528692339888,0
-0.229442254901302,-0.69448516105641,1
0.9115528086211468,-0.2972269592697947,1
0.308350894974857,-0.8587411102017914,1
-0.8367015439790026,0.022579334872019796,0
0.5346792699696785,0.7234566774030973,1
0.5134369157807752,0.7195831945767868,1
0.30766136682065515,-0.48993957825054824,1
-0.1928772479405072,-0.6936537246545347,1
-0.32233164749452814,0.8578004480605372,1
-0.09030095968403229,0.2867142110917871,1
-0.655393911290554,-0.362074829009972,1
-0.7425023387294043,0.5033171053230256,1
0.7051813240654694,-0.009032144996105718,1
-0.43138615571373995,0.04904988554754475,1
-0.8307378435495554,-0.3120614217647779,0
0.31939275085780916,0.5931426249354239,1
-0.34044402031107723,-0.8278816701189293,0
-0.14000385570814022,-0.12885092566241707,1
-0.2039550151660916,0.3454688308207672,1
-0.18242936837228974,-0.8637167503363523,1
-0.4557080862443741,0.7531105706996981,1
0.05631158106787648,0.6897050063928452,1
0.38448425951557197,-0.4137539002390793,1
-0.5130353397734679,0.6831449968265937,1
0.8528630399985022,-0.42499337896447487,1
-0.688976054177503,-0.009805842300228518,1
0.5816644859346225,-0.7531159374610603,1
0.05769078090802826,0.2529319202669058,1
-0.17760162719694872,0.15232738237875498,1
0.7139496883498153,-0.35226402493597897,1
0.29472364847663135,0.9240850742412527,1
-0.36483305585607084,-0.9211961252714358,0
-0.9147040576724437,0.2869173143837891,0
-0.7268420415754182,-0.11718705572924315,1
0.6589376687311499,-0.690411698750105,1
-0.5012276216730851,0.8437981451396175,1
-0.4243215962674396,-0.35127251908383994,1
0.4701059339729159,-0.6513559486721336,1
-0.5278618253831391,0.3781384178602478,1
0.32261711101035595,-0.4987697331047378,1
-0.5500630031691818,-0.5018335832672951,1
0.49998251172637254,-0.6618169908278417,1
0.3894775304093949,0.7594084758843842,1
-0.3893923014263483,0.7465471208566741,1
-0.5357831786935328,0.293175442826179,1
0.3223328761339306,-0.3407273765759733,1
-0.3699802008141502,-0.6465540260808054,1
0.3760142990277382,-0.5667444605863434,1
0.15340256620614556,0.8318585580666882,1
-0.49996823180021166,-0.33471663134677687,1
-0.012775765632091485,0.7671380793021814,1
-0.49594990203878453,-0.20395412266413726,1
-0.6157610067371695,0.7828396485586735,1
-0.1303850225864489,-0.9805548059372746,0
0.5175593396292781,0.5298016604099607,1
-0.5734392890849991,-0.7854883270576065,0
-0.6864673155070247,-0.058185741007649616,1
-0.06593177796592431,0.18052465877327384,1
0.8542128015240305,-0.35490753102709993,1
-0.3432578088663545,0.48338186995679,1
0.7429678231350312,-0.0956006350223162,1
-0.7898145168865149,-3.834398891977564e-05,1
-0.6684132950504491,-0.06759650791301297,1
-0.8969684991591542,0.15914381544376632,0
0.1251307135345079,0.4258027092790335,1
-0.9020320423487409,0.2402491152606716,0
-0.825759625671002,-0.3426062773973737,0
0.6846181988592441,-0.33050446009766254,1
-0.15579867197138753,0.41974426103977525,1
0.18481439350543805,-0.9660832170060989,1
-0.7725617739782875,-0.6065330635077617,0
-0.5048688452268633,-0.21012315823952,1
0.6654262979928536,0.2665848735218179,1
0.710013744173601,-0.45766517739715185,1
-0.8382499179040437,-0.5007080151184726,0
0.5230178418429046,-0.026104157617206747,1
0.031904257008548376,0.5659255819741085,1
-0.5370216762986135,-0.37983227199381253,1
-0.1321487931958223,0.3858448475192917,1
-0.5023178336510443,0.41136395213583343,1
0.14065727431079122,0.5475666839754987,1
-0.7530345568242269,-0.10752227480967069,1
0.7202223008936866,0.32470598811439055,1
0.38912838757616197,-0.1027216974214793,1
0.31035896763100457,0.5742554706607799,1
0.9358415758292573,0.24591862176709034,1
0.09079531289324572,-0.016640305127933352,1
-0.4682618352739034,-0.7522859311750085,0
-0.19507943649392478,-0.6710509574731431,1
0.30483573069030423,-0.687026722073496,1
-0.31287563178940236,-0.05521571334255704,1
0.41315180894013737,-0.13732757882033364,1
-0.12170772652497486,-0.18600503740710161,1
0.10241662615568803,0.6354750098969824,1
0.4784386294188354,0.563958753422275,1
-0.26951447104906046,-0.5908422175922943,1
0.8308160508575095,-0.03930182489831413,1
0.3374849140446612,-0.09032611859411177,1
0.19635981378024558,-0.6355267085086116,1
-0.5639037770063797,-0.23138842463084797,1
0.6645236746416396,0.18273959291385222,1
-0.421601435384966,-0.7588758748379341,0
0.8851464580483999,-0.24004286731025792,1
-0.5726504124825542,0.10857635215886097,1
-0.3104900602369096,-0.22903465180874227,1
0.5044182793781897,-0.10513235115375075,1
0.12568251242919115,-0.730323495679521,1
-0.6484268859497191,-0.6277113919725585,0
-0.5413471666067926,0.7489352742830573,1
0.1980217953889778,0.40458561823863204,1
0.08554029126578122,-0.2546995866694266,1
0.568202570125153,0.23563804784912468,1
-0.6544656706886431,0.2152685530361318,1
0.34067591234011485,0.6449410379861331,1
0.5059380135147233,0.8322309513098889,1
0.9534028050264611,-0.1467732039435461,1
0.9405915809250247,0.20410560686806356,1
0.8735524624564468,0.08332588910425587,1
-0.7363346664650916,0.5963873863013174,1
-0.7114640785608382,0.6386790096342148,1
0.4279681538694795,-0.040439416231207836,1
-0.44068170130679896,0.249731849375449,1
-0.06911944453834051,0.9870958021446574,1
0.24319327114522205,0.3687516426471751,1
0.7960046986685325,0.439811648302038,1
0.11067828892875942,-0.5909094619392457,1
0.5008734418356586,0.7629385234525068,1
-0.15812562058932533,-0.47261814843467786,1
0.7517448226911849,-0.13263319904434456,1
-0.6425278247000004,0.6467599562400896,1
0.7448805884636838,0.26579259487538076,1
-0.4430556256925222,-0.042470432256877855,1
0.08311836902819159,0.051699107919087384,1
-0.6546319270636523,0.6349605073333853,1
0.11260054253487772,0.515892494953011,1
0.9490606947726627,0.17172300428003862,1
0.6733153326143564,-0.08179521772100262,1
-0.5431698910251554,-0.7663628486561496,0
0.6807692876555456,-0.5983378197440044,1
0.6051599529489127,-0.08172834274405161,1
-0.1098245246433791,-0.7082780278581136,1
-0.13632318279223665,0.8202944199732223,1
0.560581964038211,-0.6548905231143678,1
-0.3280110069481008,-0.7545106085737998,1
0.170417167471278,0.840028404397424,1
0.110313585915367,0.843007334684337,1
0.024419124601681164,-0.4478438805010987,1
-0.16324757885861985,-0.5919681903773306,1
0.06584926327802387,-0.5160452990033138,1
0.43637031162443796,0.4842168288143638,1
-0.258022591370759,-0.25363673614340354,1
-0.023611177285582707,0.20551956372205082,1
-0.8966081157476611,0.1696693117672381,0
0.36363806913940744,0.1323953621139542,1
0.25311105488719265,-0.5712667995185317,1
0.8612154825101173,0.13156316110652622,1
0.11115295305938866,-0.7671621890157658,1
-0.48531719946854945,0.5528251926877039,1
0.6269824269542612,0.318593615781966,1
0.18903442221839484,-0.6117151612474656,1
0.12830921145754992,-0.2811635941856361,1
0.8081377512518686,-0.16835957311050276,1
-0.9765462182907194,-0.03437540662467975,0
0.6771436529140302,-0.619442234852273,1
-0.6336012666747797,-0.1150834741708675,1
0.6603077080204083,-0.33595825451953254,1
0.6555683622537127,0.6736079108062023,1
-0.5952805633301854,0.48096990374675697,1
0.37993283408934153,-0.6692211467719171,1
0.0031630885718991752,0.1129060752405302,1
-0.1915068181391948,-0.7548686722689306,1
0.2584598375734639,0.6998619490108233,1
-0.4088822819547526,-0.23775390810306085,1
-0.6664977371617331,0.4003980701073988,1
0.5344994839344637,0.7476175047531439,1
0.08682398146980552,-0.88381239562218,1
-0.41549824873748076,0.627714174005503,1
-0.14495613240493022,0.5623644480794974,1
-0.1422043749758184,0.12253680447588389,1
-0.6331266619768898,-0.1895901217929281,1
-0.5255163857520824,-0.7973234349403688,0
-0.1660215012013866,-0.27606621559942757,1
-0.13722920668770033,0.4235308439605294,1
-0.07369878520760387,-0.4202908884381329,1
-0.438227578137661,0.3586864596496102,1
0.01883177475726705,-0.9633317031217901,0
-0.058655881619397165,-0.1325286109177235,1
-0.07242737172677738,0.8929703843494541,1
-0.9437062345856797,0.03299637890319218,0
0.38992384801980506,-0.4140414685213938,1
0.7350299550744424,0.32706693223377203,1
0.05870424066996005,-0.6146901155662905,1
-0.11458589356012294,0.5541992105912099,1
0.5792585106016341,-0.6401596866594725,1
-0.3051535922326405,0.7094266668668954,1
-0.7138348832256676,-0.5984607424778037,0
0.7669426496995473,0.35901002038969887,1
-0.20495807672053679,0.2565374542918126,1
-0.158019231265359,0.5814431125525548,1
0.15166753076878092,-0.2396881008136822,1
-0.15159789532966794,0.36403525694223404,1
0.46446364451202116,0.43415637189076484,1
0.219209788375043,0.269055262096928,1
-0.6056752049910223,-0.3653045494502889,1
-0.6111282691926754,0.13347275964176175,1
-0.19041471654237552,0.243091269896607,1
-0.4243660278047712,-0.09073791154114508,1
-0.2589671618983125,-0.7639938369202055,1
-0.3349393213681837,-0.597753518006948,1
-0.16590441557255398,0.8982848541518382,1
0.2701374273094368,-0.7839566280833461,1
-0.7222898320090472,-0.4584872823898114,0
0.5040682633355598,0.22381379509897315,1
0.5679669639155764,0.4823102497003102,1
0.0805847235317334,-0.8034003172625679,1
0.9415518642776006,-0.006459001632094452,1
0.6646099202530107,-0.1265630040097354,1
-0.2947983542271515,0.40410302305600676,1
-0.9728914660333974,0.08356163934736127,0
0.39403666370342516,-0.7584494051443291,1
0.5921676666671931,-0.11589335963472425,1
-0.1720136964346881,-0.10289640484440099,1
0.341546282694714,-0.0778144631597113,1
0.8140085999825584,-0.22681495489938497,1
-0.4735970928911908,-0.07716932728923243,1
-0.8366469021227994,0.29461268081569436,1
-0.37029829902744194,-0.3620807638683001,1
-0.600188202214067,-0.3482431414883267,1
0.630580362317988,-0.6628610351818791,1
-0.7580195885940546,0.014548145317321959,1
-0.7302324196699295,-0.5155442472535383,0
-0.09384164722405752,0.5994106360222384,1
0.06184533504268841,0.3203639834679095,1
0.3353708169770053,-0.6715639716345922,1
-0.11410835465892988,0.814691236634389,1
-0.42956812634979946,-0.1866506986161769,1
-0.5806705946546848,-0.31061220041940274,1
-0.37754991644862224,-0.7815160809785799,0
-0.4408484729470761,0.23968165799661834,1
-0.875674643320298,-0.24191809167331035,0
-0.13497945411593615,-0.8054976904091868,1
0.4832622999011169,-0.4214195926608104,1
0.4890019447184868,0.2620461596992112,1
0.5527382878647014,-0.24147506211241154,1
-0.5091384339730383,0.5702855061127032,1
0.47190727148199874,0.6489733506721802,1
-0.8124356512827096,-0.2291809941674301,0
-0.7542237042560671,0.01536357928440224,1
0.10812481649134065,0.6546109343742481,1
0.4578023922226828,0.8475704495436176,1
-0.4936364957352184,-0.15312713544254586,1
-0.2274574295766203,-0.8942316412878089,0
0.6747928691725826,0.27429020414442706,1
-0.6032814386508132,-0.6324628550539659,0
0.05522789122675631,-0.17929197738085922,1
-0.13136619773761038,0.6066071570650708,1
0.9431762079897303,0.31298598769517794,1
-0.2150346311859368,-0.48256870775192007,1
-0.29593663655693425,0.5174618368653316,1
-0.0878817525202309,-0.5491495902311314,1
-0.03525996782716412,0.29078076317134194,1
-0.7937642658622339,-0.22233206736092237,0
0.4773896983045167,-0.3737770969296992,1
0.0173202143815534,0.8061343066503674,1
-0.8240101611812054,0.10058329482383788,0
-0.11740920799342813,-0.07887107360127543,1
-0.37269228812148936,-0.706864613027258,1
-0.473784924424445,-0.2867582008741876,1
0.3536132865102348,-0.4818120319835113,1
0.6144342115081662,0.2408600822682596,1
0.571216711571422,0.26052051424400124,1
0.14791640947490925,0.6354782681989795,1
0.8082919054806963,-0.21412021761470967,1
0.24752877620558067,0.7324404495199308,1
-0.290783106222154,-0.7104633119910446,1
-0.4757684674516789,-0.6636914663583269,1
0.3352631836258484,0.6140470615569122,1
-0.33878856191607976,0.2086527709206072,1
-0.010821775672409162,0.46883385571915404,1
-0.6393740917433477,0.3934798010800671,1
-0.49540162326489856,0.5730516013301785,1
0.4867880411229011,-0.11738807999118595,1
-0.13659221701365287,0.14877505174944838,1
0.11760326556028655,-0.6565783740132649,1
-0.11805530301530398,0.6259231906292391,1
-0.08142665915565694,-0.009635573192884106,1
0.7381857521591784,-0.5223239372474406,1
-0.46119246435847483,-0.86807155448,0
0.037472536244644195,0.551425296159932,1
0.17351882372352678,0.9334943880655533,1
0.6994839158505146,0.5082699814769449,1
-0.021672805897822167,0.8081792197278144,1
0.6574365495041856,0.049885732242613834,1
0.49996100650500774,-0.21116720948067091,1
0.2948913017293522,-0.7520164362959019,1
-0.2887563112277314,0.40255564267118116,1
-0.6862693683691925,-0.256137839205516,1
-0.385102221675389,-0.88575333092543,0
-0.09046234141545106,0.1068658925741508,1
0.23400227105514237,-0.35854010545940285,1
0.4448764148954887,0.8310643542976217,1
0.3463312593321419,0.6214580818942574,1
0.8747088059998922,-0.3785776413173858,1
-0.7995316588412642,0.3568775789146048,1
0.8052211907989608,0.1912837001259835,1
0.07057718643876854,0.993677633940073,1
0.2723752629405318,0.593198817883861,1
0.2667911275387149,-0.4734349153581685,1
-0.02310228318157881,0.3505234036216982,1
-0.08447577957815633,0.10697251691006082,1
-0.4436609092763406,0.8658805806626559,1
0.5360241281250404,0.6612255970166665,1
0.141367993190479,-0.5566672944582831,1
0.7003685222418505,0.4794152512063832,1
-0.4424304437272992,0.3435230798395392,1
-0.7677537694453314,-0.3501503846747547,0
-0.060453880278113825,0.6699328760615346,1
0.29036900408721045,-0.9489871780834875,1
0.555321408155139,-0.3981032024543669,1
-0.8004288183108965,-0.47038423197307844,0
-0.5417915739094579,-0.5832401337629562,1
-0.7711161727521623,-0.5800141971159778,0
0.9264556115090143,0.1019356947041834,1
0.23444239540457468,0.8574317229128174,1
0.024690999502756217,-0.5037104682243034,1
0.6059651517607507,0.16524254613382938,1
-0.7414944202025764,0.5824746441089237,1
-0.8515995995985528,-0.30388355979958503,0
0.6920774544007076,-0.16019203165333584,1
0.21653359437523712,0.2496893243955256,1
0.3422344107346189,-0.2031069008321198,1
0.5852484622467626,0.4719043371228917,1
-0.06796801182028855,-0.24167551514172292,1
-0.041612318245340285,-0.4585906916377769,1
-0.00031404993965633565,-0.6060010068594801,1
-0.5647794144880514,0.20102694835804868,1
0.2696124893716232,-0.8143623396698876,1
-0.8743443158678306,-0.4479758355425476,0
-0.22489755123083577,-0.04659781039804134,1
0.4254213152948696,-0.7148140580998681,1
0.3262522193303863,-0.5754693283451491,1
-0.49750860745268133,0.6578498470139482,1
0.10547225130740401,-0.12044726620200152,1
-0.7476153194157171,0.21145808068958294,1
0.7864576710310072,0.5542943821515052,1
0.270052243688109,-0.7233652486458464,1
0.8085638542299451,-0.13662032097158816,1
-0.0005583920238216855,0.8481861687707366,1
-0.7720781971692072,0.1414204701508759,1
0.3785964484334998,-0.860609794617337,1
0.37357602492564235,-0.8016999993590861,1
0.38893027081516585,-0.6074235536979364,1
-0.3104504705470572,-0.7891899576799954,1
0.003657100366270871,-0.42952132027066714,1
-0.005340056020617379,0.8610343227428527,1
-0.15730889130498515,0.6063109690037269,1
-0.7401190270010234,-0.5434883278453919,0
-0.08370216941572539,-0.4217618545074189,1
0.28154096077777724,0.6947943600255571,1
0.8248428343766798,0.5160753619570877,1
-0.8950690899379339,-0.1687144534417302,0
