Weight,Ã‰pocas
6.0974014372893395,0
7.907525542018695,20
9.233358080149792,40
9.544503774722186,60
9.653443162743756,80
9.71478609376586,100
10.50215608652115,120
10.554752564206808,140
10.611961986502546,160
10.670079572882567,180
10.629365750338465,200
10.638793159668431,220
11.067039078514963,240
11.202395427997791,260
11.220154552250682,280
11.266314714872365,300
11.502046753662029,320
11.519764187678042,340
11.553907424341347,360
11.53410855890887,380
11.568145442965696,400
11.658720223356621,420
11.598525782134116,440
11.62177048056444,460
11.658052077262367,480
11.639997636459798,500
11.840369122471483,520
11.840602514814492,540
11.901586009279944,560
11.898984785753896,580
11.888206719881751,600
11.905296986181305,620
11.941440978968451,640
11.902343626263242,660
11.91348609912787,680
11.950426513747653,700
11.98737019295885,720
12.099703538016186,740
12.172064655304272,760
12.120102709447938,780
12.14086389608034,800
12.142095061689727,820
12.150884270494114,840
12.145526604948007,860
12.184954122205262,880
12.217277308138375,900
12.206119980402947,920
12.230477684988351,940
12.206846092112592,960
12.21800540936237,980
12.277005661935613,1000
12.280647649323413,1020
12.302509533317274,1040
12.31039267589313,1060
12.377718354557896,1080
12.360134415665222,1100
12.380802896104129,1120
12.462818851335879,1140
12.443553130072488,1160
12.485574261102649,1180
12.506381544163245,1200
12.58812750800239,1220
12.557878041039881,1240
12.503955303027155,1260
12.494928431392633,1280
12.551521895327006,1300
12.559574341743403,1320
12.53830206022284,1340
12.554587833470539,1360
12.532340526173241,1380
12.590050428016825,1400
12.537543040465941,1420
12.620867918325533,1440
12.630406153073913,1460
12.651153536462722,1480
12.62311460910499,1500
12.615306932354963,1520
12.602255629126187,1540
12.700146613919877,1560
12.658764538626928,1580
12.633386450658051,1600
12.64839655745335,1620
12.666968793406522,1640
12.722375924069503,1660
12.737200655918496,1680
12.718603003397451,1700
12.747595011485771,1720
12.748105524247231,1740
12.756818717538927,1760
12.80657035735733,1780
12.796686876229803,1800
12.817667045778915,1820
12.846868083965415,1840
12.802273350955925,1860
12.875694304414447,1880
12.84198807467396,1900
12.86920532666731,1920
12.889608618803129,1940
12.845519857696448,1960
12.851487909726217,1980
12.891030537290407,2000
12.976784445489002,2020
12.95585778073886,2040
12.962519203424323,2060
12.960801515827711,2080
12.952741062356466,2100
12.957224991510643,2120
12.97419878816293,2140
12.965115104640901,2160
12.953418631706061,2180
13.013823855440336,2200
12.99671471264833,2220
13.020793499951361,2240
13.06885139002326,2260
13.064089444232469,2280
13.070946346356553,2300
13.073173360691513,2320
13.055725019662482,2340
13.103280137105411,2360
13.08660235078032,2380
13.076545891260503,2400
13.154340672734254,2420
13.114427839923396,2440
13.177345632125558,2460
13.169897697300755,2480
13.242161479979472,2500
13.235339528574197,2520
13.248316736856864,2540
13.293827562495576,2560
13.310034554690938,2580
13.305786093192607,2600
13.331512769723314,2620
13.308070788159116,2640
13.282360364159887,2660
13.341427522998426,2680
13.268096618294074,2700
13.33115737613463,2720
13.280495924358316,2740
13.279606534974867,2760
13.268939622560772,2780
13.288426139360702,2800
13.32130190156541,2820
13.298330679156997,2840
13.373456755412029,2860
13.41878356631855,2880
13.38160922861612,2900
13.383084255174408,2920
13.427896278063974,2940
13.380289199186416,2960
13.447236536568735,2980
13.471440656385687,3000
13.431650442087669,3020
13.435601078571707,3040
13.43416393887074,3060
13.461958521964597,3080
13.483015643641718,3100
13.498610435896978,3120
13.455138468406055,3140
13.504838118597153,3160
13.495125642093996,3180
13.476416391014329,3200
13.474162595134516,3220
13.471928249164417,3240
13.569372047997167,3260
13.4898089029149,3280
13.523471443049734,3300
13.518793575923972,3320
13.538982786832957,3340
13.584687843088778,3360
13.552267778108348,3380
13.637494017738995,3400
13.539970596881721,3420
13.622691557964728,3440
13.567379876995982,3460
13.587070675061128,3480
13.576487045629548,3500
13.600714290866712,3520
13.637016259715908,3540
13.647705531214685,3560
13.696239081578828,3580
13.602961214653927,3600
13.649125974082464,3620
13.70220942312599,3640
13.712757496289875,3660
13.679089560179476,3680
13.733724582087467,3700
13.74166994794094,3720
13.77359798647339,3740
13.757706262423198,3760
13.706413295062315,3780
13.757481968161777,3800
13.72407289909287,3820
13.78060805267381,3840
13.807588539293281,3860
13.787636311690703,3880
13.805175534693111,3900
13.806850695348036,3920
13.8197971699833,3940
13.9393239535712,3960
13.917779744699985,3980
13.918585342439378,4000
13.947797508668476,4020
13.871861578755519,4040
13.840820241452288,4060
13.885511278151842,4080
13.918659720166076,4100
13.947441976501807,4120
13.888256713350032,4140
13.983115976700862,4160
13.985906346469474,4180
13.926655370529518,4200
13.927098603093771,4220
13.998400513389408,4240
13.966292766919956,4260
14.005013103458378,4280
14.032374592957087,4300
13.982748671628148,4320
13.963829623928426,4340
14.01785175861319,4360
14.01243776519834,4380
14.068287756390003,4400
13.986313161736199,4420
14.049676350634062,4440
14.037459894306306,4460
14.108110183736418,4480
14.089609793032594,4500
14.127408853338343,4520
14.153733739631145,4540
14.12498744057275,4560
14.11968542543164,4580
14.131978505546533,4600
14.085946866899071,4620
14.131348331831767,4640
14.10342376062179,4660
14.067782269659926,4680
14.134225219201504,4700
14.13651741096554,4720
14.13727418257034,4740
14.177859893220715,4760
14.198842411084001,4780
14.198994689331386,4800
14.253470392586365,4820
14.221595196164824,4840
14.270564162477323,4860
14.29427178090925,4880
14.272638616598297,4900
14.336907108106102,4920
14.365745576324986,4940
14.290052348713,4960
14.276950108525304,4980
14.30946436789377,5000
14.394805199968683,5020
14.306385732778455,5040
14.349065717715527,5060
14.40560079426148,5080
14.378629385172848,5100
14.466348731545889,5120
14.426408253307525,5140
14.422464855235486,5160
14.437805742298806,5180
14.51284759547589,5200
14.579425635518609,5220
14.601013914245447,5240
14.55452155520842,5260
14.613535621756462,5280
14.580263638618607,5300
14.610534815433212,5320
14.583296363261859,5340
14.613355704749498,5360
14.623607982152766,5380
14.722653934521437,5400
14.705527675631664,5420
14.70027018204231,5440
14.703616436615958,5460
14.733698614171521,5480
14.704938871242154,5500
14.725533900619515,5520
14.707729912480165,5540
14.707228490080425,5560
14.751496289461567,5580
14.762596680305066,5600
14.745245833801349,5620
14.75830235217596,5640
14.739468656216548,5660
14.83045909582782,5680
14.817640017196268,5700
14.81726333843168,5720
14.836819232753594,5740
14.750309098539777,5760
14.846266081115733,5780
14.791448517489846,5800
14.830379354453418,5820
14.806418739083167,5840
14.80795790916273,5860
14.782748804904166,5880
14.861103829964716,5900
14.884841626520336,5920
14.85668587345765,5940
14.871351507259657,5960
14.95158878604475,5980
14.927994240854627,6000
14.950929961972243,6020
14.926964886360636,6040
14.971998416225887,6060
14.980714584685568,6080
14.936915081090898,6100
14.99153055197487,6120
14.986437231247915,6140
14.925258147850702,6160
14.921013696375589,6180
14.961872735999158,6200
15.022448554960217,6220
14.999726485541107,6240
15.024508067778617,6260
15.017822623201038,6280
15.016627421248483,6300
15.018005880816588,6320
15.041370614711994,6340
15.065898284677214,6360
15.056926758644858,6380
15.107651031052562,6400
15.058463163388215,6420
15.055953490058876,6440
15.042555389146521,6460
14.999662918332827,6480
15.047831309396543,6500
15.095010232625986,6520
15.122636651502823,6540
15.090579964882503,6560
15.018477325400537,6580
15.027070889001553,6600
15.11309994244548,6620
15.06779100934334,6640
15.140264386045176,6660
15.073452005239997,6680
15.095130950020865,6700
15.134948404708133,6720
15.1401184574807,6740
15.04777097925173,6760
15.115604664284426,6780
15.172325258634151,6800
15.13925868129584,6820
15.096719836730866,6840
15.183347201928726,6860
15.133494862276468,6880
15.148280208772231,6900
15.181310375163076,6920
15.149377728946138,6940
15.210432348478443,6960
15.173158400579396,6980
15.20395137176341,7000
15.171699967894007,7020
15.188992484485926,7040
15.202980546567378,7060
15.216629246160524,7080
15.22232909360661,7100
15.240507226552545,7120
15.184073736950108,7140
15.280685343128965,7160
15.29813330317062,7180
15.254559630670006,7200
15.32310022153456,7220
15.232405672740583,7240
15.243368177117219,7260
15.292837348412355,7280
15.26612718617351,7300
15.269198397642558,7320
15.272444660740703,7340
15.253353319420464,7360
15.242214503162977,7380
15.307982131684348,7400
15.246102937847727,7420
15.348418164007466,7440
15.281616034079008,7460
15.278821659439162,7480
15.330079006366336,7500
15.370041172079237,7520
15.358147648913349,7540
15.310183573687551,7560
15.306504189408571,7580
15.281015532854944,7600
15.33139300900077,7620
15.321864018076026,7640
15.308092518482075,7660
15.278035597069678,7680
15.407308888549037,7700
15.338009708046247,7720
15.439399338366997,7740
15.388254240207157,7760
15.357908588825012,7780
15.372296011129961,7800
15.43637707720486,7820
15.403178188457968,7840
15.413463645848811,7860
15.371060963791344,7880
15.39202403670891,7900
15.40998139573324,7920
15.446365655965364,7940
15.402235552405273,7960
15.409597367363627,7980
15.436578963447747,8000
15.420857806521838,8020
15.45930150388079,8040
15.409349748969548,8060
15.454322811179958,8080
15.453964305027366,8100
15.50140108683842,8120
15.466928417464823,8140
15.46950897271216,8160
15.504777293789484,8180
15.447146229090222,8200
15.528587284036139,8220
15.54151775529738,8240
15.462760129358504,8260
15.43958078062957,8280
15.445697703600153,8300
15.461356074147686,8320
15.475050128523842,8340
15.478742773680246,8360
15.446974883617226,8380
15.472846848169915,8400
15.457265537849024,8420
15.486421788949373,8440
15.516887326606808,8460
15.489530149344091,8480
15.44308901780353,8500
15.463131756219777,8520
15.518631547791188,8540
15.53760100962437,8560
15.457265951421007,8580
15.536534117976661,8600
15.518061904536374,8620
15.548353268576536,8640
15.553947532637668,8660
15.568579479597572,8680
15.587508110654252,8700
15.549180102397536,8720
15.55265719587276,8740
15.552915854051797,8760
15.685801039537484,8780
15.6173041282476,8800
15.579761809411714,8820
15.660224466436091,8840
15.67000513381521,8860
15.64392300414474,8880
15.61205236042425,8900
15.601733562168608,8920
15.607141072685687,8940
15.663801266934396,8960
15.616398635290377,8980
15.680488393015334,9000
15.739844808389105,9020
15.71119468503601,9040
15.71262933680235,9060
15.700999156923103,9080
15.660919802029769,9100
15.710168280169169,9120
15.710147745791957,9140
15.763000706000614,9160
15.737058240191615,9180
15.718212847867262,9200
15.77104613471938,9220
15.738004083191184,9240
15.749722762902747,9260
15.716679128476404,9280
15.786144045420158,9300
15.723815868107675,9320
15.714463270685194,9340
15.695456256568322,9360
15.709105627785528,9380
15.758474892090018,9400
15.723533066004645,9420
15.74694036538012,9440
15.775231261643878,9460
15.765714805283768,9480
15.782854360188987,9500
15.764699379667876,9520
15.794830560036235,9540
15.825236118687204,9560
15.796650226014453,9580
15.857588830609401,9600
15.8392848667369,9620
15.819744093951694,9640
15.825064923753741,9660
15.833619157226071,9680
15.801989487530644,9700
15.912872320535918,9720
15.828553762979181,9740
15.872820117966484,9760
15.825092374557293,9780
15.841453123729089,9800
15.85977062886791,9820
15.864096325213996,9840
15.877597086896602,9860
15.88181223557179,9880
15.875384063690552,9900
15.858705503161069,9920
15.837598406735427,9940
15.828997449814652,9960
15.81716121884499,9980
15.820715307046335,10000
15.835434681818915,10020
15.900607487647227,10040
15.902857548629942,10060
15.886728024464233,10080
15.904859277262341,10100
15.925147632362378,10120
15.910102980126412,10140
15.944844148779282,10160
15.976579637844889,10180
15.92244161538445,10200
15.95967407968503,10220
15.974849049675754,10240
15.93457632480007,10260
16.01880461998361,10280
15.979156450725466,10300
15.955674041863585,10320
16.033047110758403,10340
15.96906499380855,10360
16.030939243390744,10380
15.977857969541791,10400
15.995959866099186,10420
15.96254741465398,10440
15.97704447548966,10460
15.968041658719905,10480
15.985243514687033,10500
15.977398802600845,10520
16.101199665406202,10540
16.027473008793155,10560
15.971660814727603,10580
16.053662204464246,10600
16.01898368651053,10620
15.994245599166772,10640
16.04319040970743,10660
16.024037868188014,10680
16.002147913539538,10700
16.019080030790406,10720
16.06468279031828,10740
16.036881825904377,10760
16.01472143340124,10780
16.016755562631875,10800
16.056330928714583,10820
15.973730057538674,10840
16.020453451238602,10860
16.017517863292852,10880
16.033850712293678,10900
16.043003839270103,10920
16.03467225917307,10940
16.02469534933228,10960
16.03096328719368,10980
16.041869346256902,11000
16.046980488338654,11020
16.048543852371825,11040
16.038615230582202,11060
16.083617438589823,11080
16.076202467626153,11100
16.08100466255051,11120
16.068117699707344,11140
16.10098535909706,11160
16.049751788726745,11180
16.07586607408193,11200
16.099755950724642,11220
16.087969809178745,11240
16.08429485654426,11260
16.12571303750555,11280
16.106126991203965,11300
16.14531225270866,11320
16.166905642939597,11340
16.106389858718778,11360
16.19669409286388,11380
16.099171769324627,11400
16.12890236290649,11420
16.130793967636595,11440
16.241298026296725,11460
16.201141430798707,11480
16.30492487047761,11500
16.222194952688362,11520
16.223367551869842,11540
16.31437088307749,11560
16.284597226578907,11580
16.323526393290116,11600
16.338755365035436,11620
16.294654802055735,11640
16.285352319848784,11660
16.247287150540565,11680
16.280406595356304,11700
16.354674173939163,11720
16.29323515782798,11740
16.33574801042459,11760
16.356289150037792,11780
16.323608635807794,11800
16.29292719513716,11820
16.317777990620403,11840
16.3850833858014,11860
16.38091595303663,11880
16.397712914816484,11900
16.455418560586665,11920
16.428309297359462,11940
16.429806844145965,11960
16.449589514529563,11980
16.46528311961966,12000
16.46434540145391,12020
16.447815872278817,12040
16.413834667052537,12060
16.418188620257247,12080
16.402878354304647,12100
16.406580851861023,12120
16.48040693394802,12140
16.442983634810986,12160
16.505079614761325,12180
16.442724147086643,12200
16.445187104738093,12220
16.451197379202824,12240
16.407993216508906,12260
16.522929536754425,12280
16.543045653196835,12300
16.42201449504358,12320
16.44466481211114,12340
16.469979130678382,12360
16.566330257553112,12380
16.571215093674155,12400
16.63790545282655,12420
16.585200060195795,12440
16.556854725518836,12460
16.60077848350341,12480
16.63478577375296,12500
16.593208904828376,12520
16.638384060870443,12540
16.62016247112099,12560
16.6708902459788,12580
16.61808867425953,12600
16.674920304600647,12620
16.613470687357253,12640
16.63560343284975,12660
16.65238843667812,12680
16.738016460013682,12700
16.640925515957505,12720
16.65144864133543,12740
16.608422154338953,12760
16.605644977816603,12780
16.688804482265233,12800
16.66861158482528,12820
16.684427509397132,12840
16.702491829300154,12860
16.709617838051308,12880
16.700939177430236,12900
16.694505621689984,12920
16.750433817111677,12940
16.751423488818812,12960
16.716000321591697,12980
16.739906329922118,13000
16.74189170800757,13020
16.79202923417575,13040
16.71410836820942,13060
16.745338714577823,13080
16.741709412493513,13100
16.742027399743062,13120
16.752975668536592,13140
16.74760504731321,13160
16.774405488564017,13180
16.790723090006082,13200
16.75509699874325,13220
16.71096040406891,13240
16.81767402334721,13260
16.70880880210562,13280
16.78850309852241,13300
16.809290064429224,13320
16.868159288026348,13340
16.81864369898893,13360
16.838344415668544,13380
16.80415950443229,13400
16.79547286635847,13420
16.874350111838375,13440
16.852966346369747,13460
16.85056148673265,13480
16.837806144796566,13500
16.843752651779102,13520
16.86430697699151,13540
16.89659419494351,13560
16.82215006659775,13580
16.86438771763632,13600
16.87250664948163,13620
16.88054676444197,13640
16.904581414613315,13660
16.88285419951749,13680
16.896424317230107,13700
16.890395672375483,13720
16.926286691375978,13740
16.908117182751973,13760
16.902307594475516,13780
16.877690921213024,13800
16.955944278180183,13820
16.904118837279412,13840
16.912366811873085,13860
16.98255317804096,13880
16.8773937951536,13900
16.884112583401844,13920
16.95460272445278,13940
16.932515534607667,13960
17.011009696246354,13980
16.964453536838278,14000
16.97383506485488,14020
16.965262102777842,14040
16.965052567840367,14060
16.988289483728963,14080
17.037240533136654,14100
17.008348226303283,14120
16.95369334320338,14140
17.06483043703352,14160
17.023688714893662,14180
17.021533065158504,14200
17.013935737471762,14220
17.0504811853543,14240
17.094521295480725,14260
17.057664894025447,14280
17.04791529432317,14300
17.074159047974742,14320
17.103645897237996,14340
17.073744362604124,14360
17.105967091115087,14380
17.10489258331108,14400
17.112082749623653,14420
17.152674235280845,14440
17.09622544673374,14460
17.123194133113756,14480
17.07958147412027,14500
17.14066000042842,14520
17.132742110156897,14540
17.127657324798072,14560
17.08823470360403,14580
17.14503664200354,14600
17.146330876587072,14620
17.154826321727402,14640
17.24827547429531,14660
17.1606384441272,14680
17.200245266867483,14700
17.14693384898645,14720
17.21475909718974,14740
17.229147115586137,14760
17.168295200325453,14780
17.289024911954776,14800
17.318549082433393,14820
17.222984170323876,14840
17.253040561175673,14860
17.251116249623486,14880
17.23162157867397,14900
17.206420192301273,14920
17.276261000160275,14940
17.338155269174443,14960
17.339344432130797,14980
17.301322150150707,15000
17.30866411555922,15020
17.32290246308709,15040
17.316053482762843,15060
17.316855582360795,15080
17.36487937767446,15100
17.289683291094182,15120
17.32524174203175,15140
17.330418960911295,15160
17.39202564182704,15180
17.33639899988873,15200
17.321259055064363,15220
17.364486964477273,15240
17.370154142036228,15260
17.35811140096706,15280
17.363492717282952,15300
17.40007287633459,15320
17.36501469903518,15340
17.44599199540574,15360
17.361794041739508,15380
17.412410319745145,15400
17.45541415345875,15420
17.43783998347077,15440
17.402797902125386,15460
17.405773594531496,15480
17.42304574026152,15500
17.43285030723873,15520
17.515996624635683,15540
17.416532239502562,15560
17.48547660092072,15580
17.516955529420187,15600
17.425418274142864,15620
17.51000435326621,15640
17.467100028552906,15660
17.4821649222671,15680
17.51608511124275,15700
17.543759338989428,15720
17.53768832418079,15740
17.585120991819327,15760
17.567244361104642,15780
17.57316403291579,15800
17.554500110515963,15820
17.54505458062777,15840
17.53304523266962,15860
17.545108503279778,15880
17.54281834059141,15900
17.605518355436036,15920
17.617491920236887,15940
17.537098928325392,15960
17.558353914320726,15980
17.59807707586741,16000
17.659636923798494,16020
17.600409970625634,16040
17.657932953381554,16060
17.68063288601754,16080
17.657940588968792,16100
17.61422428039997,16120
17.656348112416843,16140
17.696046413441614,16160
17.660489712246598,16180
17.7027944551415,16200
17.763588188460187,16220
17.67798240571525,16240
17.722767846544727,16260
17.70220265704363,16280
17.759609684616265,16300
17.745903457316352,16320
17.730015425935775,16340
17.72083776306384,16360
17.744472880453543,16380
17.761615382092884,16400
17.679025952971664,16420
17.753972438128184,16440
17.769748487642453,16460
17.761325989334807,16480
17.78663837339296,16500
17.875105463063534,16520
17.811783452189616,16540
17.823581925913015,16560
17.823046979901836,16580
17.81994402746509,16600
17.828675783169576,16620
17.932518029549012,16640
17.894351376622858,16660
17.916724852469844,16680
17.907639997443184,16700
17.90703944500597,16720
17.82841326039924,16740
17.84670133066692,16760
17.92188732959309,16780
17.980304483115816,16800
17.910076964054024,16820
17.888801727771085,16840
17.90590756807909,16860
17.959279904874112,16880
17.91990808453496,16900
17.9067291155204,16920
17.9356540855786,16940
18.008842377427108,16960
18.021744263470364,16980
17.936798425992983,17000
17.946804047033734,17020
17.98218885059201,17040
18.047050289666817,17060
17.984951550867954,17080
17.991914020858424,17100
17.97577728678306,17120
18.014519956543932,17140
18.060290357742367,17160
18.04729932583984,17180
18.04465258848597,17200
18.018127855693436,17220
18.108795204358287,17240
18.07594786950091,17260
18.069909493116015,17280
18.135990826448218,17300
18.100035680140145,17320
18.08959323763968,17340
18.168667909912937,17360
18.1637624137275,17380
18.16788035999801,17400
18.120134912067655,17420
18.150462293965912,17440
18.126447383859336,17460
18.157986612320087,17480
18.15147823335481,17500
18.143010615479543,17520
18.196029039506012,17540
18.186755335281315,17560
18.227339001888076,17580
18.238721419629154,17600
18.23893338851597,17620
18.24479175703364,17640
18.275749266921622,17660
18.2780344841412,17680
18.257968689002258,17700
18.336865885846922,17720
18.28246896012989,17740
18.267771995073872,17760
18.274533086521444,17780
18.30814657178315,17800
18.314320432646525,17820
18.34122839443728,17840
18.352919866447223,17860
18.333956055521867,17880
18.360245561388204,17900
18.41997410642233,17920
18.378556750193436,17940
18.408930127021684,17960
18.3937609046198,17980
18.36378136360844,18000
18.40965742148813,18020
18.406825006498075,18040
18.510276400713444,18060
18.45761738566171,18080
18.4997306414878,18100
18.494750468076543,18120
18.49393947558289,18140
18.471487100108227,18160
18.496152599853215,18180
18.474955054658032,18200
18.50666440197195,18220
18.473415200792463,18240
18.48394434105984,18260
18.523658890570196,18280
18.536455817914483,18300
18.57150589231118,18320
18.612108770905852,18340
18.592206268686013,18360
18.66497447027239,18380
18.581728157451792,18400
18.623980894601726,18420
18.66385399129244,18440
18.606620755251573,18460
18.598910570096763,18480
18.595962665618934,18500
18.67909303904405,18520
18.745083213977868,18540
18.648199818762535,18560
18.671599461995086,18580
18.61973532649403,18600
18.721447299392644,18620
18.70440384720674,18640
18.68302677955799,18660
18.66834417361743,18680
18.707944672567812,18700
18.750802402215676,18720
18.720257199743596,18740
18.762183405502768,18760
18.716900151775075,18780
18.826271454470994,18800
18.81818614901897,18820
18.856154452600357,18840
18.822872847912546,18860
18.82177514312371,18880
18.838401317473036,18900
18.87506199200914,18920
18.839602363116896,18940
18.897882056190177,18960
18.902217277149404,18980
18.927397061545705,19000
18.859400864313624,19020
18.88771083796349,19040
18.9069316869048,19060
18.84195527150295,19080
18.889404828919407,19100
18.890349862482402,19120
18.906930857127385,19140
18.89849556250438,19160
18.913231368269365,19180
18.983985116123456,19200
18.98656722800077,19220
18.955498586658724,19240
18.949931224350074,19260
19.040436182849362,19280
19.00108144719678,19300
19.029431577481084,19320
19.01343479231179,19340
19.028784516677614,19360
19.0961088740691,19380
19.03061155024389,19400
19.116895233726705,19420
19.106220792328195,19440
19.09244157185822,19460
19.1101747593608,19480
19.13890231811412,19500
19.16227237873658,19520
19.18864873940882,19540
19.17549257260255,19560
19.20952730642783,19580
19.24768996752684,19600
19.39277374009881,19620
19.428137343300428,19640
19.396086404743304,19660
19.408390079841816,19680
19.474441113020752,19700
19.411346510499843,19720
19.41483065182769,19740
19.46614040638702,19760
19.481784747808856,19780
19.49888097036763,19800
19.525811929440636,19820
19.47664556259931,19840
19.586407502385352,19860
19.542094173739486,19880
19.56536074446783,19900
19.553101507385588,19920
19.5484743470103,19940
19.78541920451582,19960
19.744325015720865,19980
19.774085048131568,20000
19.793293322742635,20020
19.870854002099527,20040
19.80318837840135,20060
19.824967996025496,20080
19.82308251670088,20100
19.84403735964947,20120
19.862142748778215,20140
19.913086244842496,20160
19.95024419244318,20180
19.887414461218178,20200
19.932132278625986,20220
19.905557548541736,20240
19.98029096945717,20260
19.90633162033102,20280
20.000822278693146,20300
19.97599766178379,20320
20.014860379904608,20340
19.995686797938436,20360
20.035760570692066,20380
20.08657064242496,20400
20.043242512215627,20420
20.081701959304695,20440
20.126919381067477,20460
20.110016396083843,20480
20.08212757305469,20500
20.146554219629763,20520
20.107786880545433,20540
20.12574165768587,20560
20.18714152183791,20580
20.162364302968022,20600
20.14606665093317,20620
20.281853091336814,20640
20.376213153680112,20660
20.40501498085846,20680
20.38202066379532,20700
20.451737001037557,20720
20.39956903864844,20740
20.420507751747913,20760
20.448813198353864,20780
20.470754712779417,20800
20.49107448101534,20820
20.446452083435428,20840
20.53361428784878,20860
20.489836365913295,20880
20.544380828908324,20900
20.51439382060691,20920
20.52377635058322,20940
20.564407404669524,20960
20.571703868387843,20980
20.583884813003927,21000
20.631053520609402,21020
20.594027145392637,21040
20.671069625364556,21060
20.678611231445473,21080
20.661748184362803,21100
20.644248688980603,21120
20.729962385611863,21140
20.719541284563874,21160
20.742190016662803,21180
20.724709142241633,21200
20.731205197458607,21220
20.77916784610762,21240
20.76494954146483,21260
20.819774526776293,21280
20.80795899624517,21300
20.806566899708127,21320
20.833619781698193,21340
20.883424599693157,21360
20.92803010879901,21380
20.94002912277245,21400
20.827486550719108,21420
20.93297548272339,21440
20.98849802835401,21460
20.888168821039045,21480
20.893951573030243,21500
20.928026211399217,21520
20.995894663005046,21540
20.956945352716186,21560
21.03023342024862,21580
20.994859274654278,21600
21.02045293589086,21620
21.01977669162769,21640
21.062375190639393,21660
21.069946014294736,21680
21.0837809158556,21700
21.121620748482094,21720
21.07456852315211,21740
21.089557192563557,21760
21.123149270221617,21780
21.121566065312866,21800
21.144054645194,21820
21.14818096761118,21840
21.136321802643053,21860
21.179570087956165,21880
21.23846547469688,21900
21.15449094856465,21920
21.186797192842256,21940
21.17686592127147,21960
21.2608131025716,21980
21.25698774877976,22000
21.246682475970573,22020
21.24601532654659,22040
21.25691041549642,22060
21.28269337154215,22080
21.314245899506393,22100
21.36247420242799,22120
21.357522111827944,22140
21.393901626032214,22160
21.3526550268854,22180
21.413242488937033,22200
21.341506794495075,22220
21.405661245558868,22240
21.422464698911245,22260
21.51779547933276,22280
21.432058894024838,22300
21.519198677606212,22320
21.52639451579026,22340
21.68109680885906,22360
21.711079782726365,22380
21.682961508515174,22400
21.711447504066847,22420
21.712794011857625,22440
21.71844617200825,22460
21.737549674736776,22480
21.750777501684436,22500
21.820208856483454,22520
21.809628562158608,22540
21.751010740306157,22560
21.777296716340796,22580
21.80930348539365,22600
21.786051281190304,22620
21.82595349563403,22640
21.866964939519633,22660
21.894861623447085,22680
21.852679926729493,22700
21.900873414461323,22720
21.945732033526944,22740
21.908383296398938,22760
21.96741427382501,22780
21.985380211998155,22800
21.95315139215973,22820
21.979862823009196,22840
21.96443086978695,22860
21.972032823494757,22880
22.038570923488837,22900
22.06650261556011,22920
22.027696657723897,22940
22.07491886439473,22960
22.060851852002003,22980
22.047840500113963,23000
22.009496313476795,23020
22.08371821603656,23040
22.164778456224624,23060
22.14294199046784,23080
22.14797698313946,23100
22.13469904583961,23120
22.174295756750823,23140
22.219667166215476,23160
22.235311681862793,23180
22.220921725047223,23200
22.244696490158717,23220
22.26627136342818,23240
22.253098120636317,23260
22.253514708847902,23280
22.255885433179216,23300
22.32020122291287,23320
22.3855652987113,23340
22.341654633248517,23360
22.379792404113942,23380
22.321824048938435,23400
22.444573465192406,23420
22.38634825363887,23440
22.420335150491244,23460
22.4345339902257,23480
22.52494783693733,23500
22.485265432803658,23520
22.491353377175717,23540
22.49001811701848,23560
22.50586757121783,23580
22.50879151397713,23600
22.544149163591406,23620
22.513708985109627,23640
22.575025819887053,23660
22.596753698007696,23680
22.57798181853274,23700
22.636416063347795,23720
22.58542673975703,23740
22.661759467156394,23760
22.65238387450256,23780
22.70838359124957,23800
22.73694508249403,23820
22.692716940168047,23840
22.71285753385581,23860
22.741748559686922,23880
22.781922442755956,23900
22.79066144183358,23920
22.812270951019528,23940
22.75790268199181,23960
22.82054352413507,23980
22.819557525342717,24000
22.89095419460205,24020
22.905878602318932,24040
22.870748015811905,24060
22.91531497729118,24080
22.925452765173993,24100
22.907507901261773,24120
22.90043021515457,24140
22.904103908577778,24160
22.971754043797667,24180
23.032491940449177,24200
23.004945206665596,24220
23.05248490267514,24240
23.083654811408934,24260
23.042478858546303,24280
23.059634797530318,24300
23.066445276790265,24320
23.07645192790023,24340
23.133198308838743,24360
23.133305966138074,24380
23.08719791848722,24400
23.121327683536187,24420
23.281317277876852,24440
23.26978516720134,24460
23.267130057968554,24480
23.393333923352223,24500
23.342438460951655,24520
23.386040757260098,24540
23.34363966151456,24560
23.416927030525123,24580
23.38475304722226,24600
23.44982973940993,24620
23.40881683271089,24640
23.442195170816404,24660
23.518388241870113,24680
23.45969521298804,24700
23.5256177144015,24720
23.501585634424945,24740
23.56419740965447,24760
23.544036527918195,24780
23.497571356564315,24800
23.61230264869041,24820
23.65064716464218,24840
23.64357871047657,24860
23.634703525492927,24880
23.598926505429755,24900
23.70097017054959,24920
23.67333623093007,24940
23.65949392172903,24960
23.66196868785181,24980
23.7807695165611,25000
23.71726497056706,25020
23.725963050819082,25040
23.760645624063134,25060
23.80055856332829,25080
23.868781794179423,25100
23.916037539409317,25120
23.891898986572727,25140
23.817493387042177,25160
23.825313065773454,25180
23.90559626811269,25200
23.87373440539401,25220
23.86115847779258,25240
24.009669207218348,25260
23.97386368027931,25280
23.99291455940865,25300
23.991708769398496,25320
24.000528405881596,25340
23.97490611578536,25360
23.997792020424917,25380
24.034452067813973,25400
24.02435051542576,25420
24.098840816419838,25440
24.086067712624818,25460
24.11213341886005,25480
24.095895876249294,25500
24.12675861118983,25520
24.104324102889507,25540
24.18847051242291,25560
24.18999766457639,25580
24.23426911543183,25600
24.20929714531378,25620
24.276505021634744,25640
24.256928729450735,25660
24.274382328973772,25680
24.305538300486088,25700
24.267232495626693,25720
24.33115346509267,25740
24.34181326627693,25760
24.54334318220541,25780
24.541954538977645,25800
24.558824619984758,25820
24.627875953489482,25840
24.59857493010135,25860
24.59507790146295,25880
24.606204114997574,25900
24.672198273126916,25920
24.68853742422113,25940
24.65193676285007,25960
24.729722077329,25980
24.70543534316583,26000
24.6506881852308,26020
24.785075488378773,26040
24.697184369518755,26060
24.793391272301733,26080
24.768500533967625,26100
24.761820596434447,26120
24.8593772709265,26140
24.836170992072695,26160
24.835325230516634,26180
24.94328531671928,26200
24.881435054848957,26220
24.868981148292697,26240
24.898639577391297,26260
24.935971434533478,26280
24.945423397649975,26300
24.934499494695984,26320
24.991521575712987,26340
24.983364729357504,26360
25.02945048854513,26380
25.114514871392913,26400
25.0612776567526,26420
25.073699023840234,26440
25.090361981255985,26460
25.046803898443624,26480
25.084374213253483,26500
25.113942829401125,26520
25.077514170632945,26540
25.15509426854546,26560
25.175641603596187,26580
25.167255007078616,26600
25.19615614081859,26620
25.21012054311314,26640
25.231657526092754,26660
25.204577087509097,26680
25.22070745348239,26700
25.272591384073213,26720
25.27240479757651,26740
25.23796115864485,26760
25.204716997214092,26780
25.30344652525465,26800
25.2539669271454,26820
25.35187448647367,26840
25.390070488914866,26860
25.32472891877357,26880
25.425003268544557,26900
25.616132729172374,26920
25.53986878403213,26940
25.657908031920492,26960
25.628101209883575,26980
25.655502430273337,27000
25.70105869705438,27020
25.656952012355468,27040
25.66639008591895,27060
25.663126222971066,27080
25.674218239116634,27100
25.744785172510298,27120
25.769972841584057,27140
25.74484095117289,27160
25.71628729452445,27180
25.86672358310373,27200
25.8136371322582,27220
25.819583803347125,27240
25.858379509699795,27260
25.903681897945958,27280
25.87469820834376,27300
25.934035091018956,27320
25.974313063930097,27340
25.948340083342995,27360
25.946268452914012,27380
26.10793707408379,27400
26.13703457043824,27420
26.21254174326395,27440
26.252344651081728,27460
26.186318028777336,27480
26.224810334835034,27500
26.25865776909168,27520
26.26866157746118,27540
26.32485170317129,27560
26.285968555591484,27580
26.344925015347734,27600
26.30508573973218,27620
26.344918015979886,27640
26.355772542314483,27660
26.43670705777951,27680
26.373733262094966,27700
26.347268775763006,27720
26.421442911114813,27740
26.421864411019072,27760
26.454774285330725,27780
26.540930568081784,27800
26.501981285019774,27820
26.455415837319848,27840
26.43512303960963,27860
26.486112146621153,27880
26.45338065065565,27900
26.409282199710823,27920
26.558091728517876,27940
26.511124527434248,27960
26.54779028271596,27980
26.5334176555614,28000
26.631592840055855,28020
26.638447973165313,28040
26.641393735476207,28060
26.64723106173792,28080
26.681866115281572,28100
26.637620088603303,28120
26.67838226434021,28140
26.64454547915914,28160
26.648424541123635,28180
26.703977356621152,28200
26.73924973585897,28220
26.736796196370307,28240
26.779795744540593,28260
26.825206457197055,28280
26.731242840969117,28300
26.84438728177176,28320
26.80159011765888,28340
26.843226664474443,28360
26.80422578565708,28380
27.103702763409835,28400
27.09250776148508,28420
27.174470924821776,28440
27.190596571758036,28460
27.144325180993224,28480
27.20001248719241,28500
27.204868096017343,28520
27.207112447717027,28540
27.245422901786434,28560
27.279757902866173,28580
27.233919706867336,28600
27.253771152961416,28620
27.34652153759469,28640
27.33491123981014,28660
27.396960807903714,28680
27.356611537148485,28700
27.457336534715683,28720
27.411180329215554,28740
27.50616985135269,28760
27.512106651327066,28780
27.42377051378265,28800
27.496090811840027,28820
27.46454280002435,28840
27.487476778339854,28860
27.468874403482488,28880
27.465209109464944,28900
27.49186602378651,28920
27.571622361534526,28940
27.49614767409926,28960
27.645952433523206,28980
27.594883094762867,29000
27.623416448445084,29020
27.596985702132415,29040
27.60569532553137,29060
27.61332664675509,29080
27.684699136384886,29100
27.612148434001192,29120
27.643313193638505,29140
27.720966849919353,29160
27.66910506981384,29180
27.761644340392245,29200
27.718867443769426,29220
27.71998621300486,29240
27.746050028818374,29260
27.7877495271211,29280
27.775681520482287,29300
27.77027544804414,29320
27.835974351292826,29340
27.820281835834525,29360
27.86463181305749,29380
27.849567164202597,29400
27.86235391187669,29420
27.90529684302148,29440
27.881672421246403,29460
27.9175281135129,29480
27.98329496338469,29500
28.05729933225517,29520
27.99397718340947,29540
28.03563935812804,29560
28.04970276227194,29580
28.05050206960954,29600
28.026079401644957,29620
28.026957786780656,29640
28.057383185790925,29660
28.0809573025167,29680
28.083041661515495,29700
28.089360226715293,29720
28.127976649517024,29740
28.16400548609836,29760
28.20648875764467,29780
28.136743022873766,29800
28.172912277933776,29820
28.156008368041636,29840
28.24027443101092,29860
28.257335774751237,29880
28.273078988540377,29900
28.30446055739845,29920
28.293280002633296,29940
28.374232862601456,29960
28.374084017674395,29980
28.326425864100134,30000
28.409958022066455,30020
28.35870585460259,30040
28.403041498723404,30060
28.3815909391065,30080
28.44705641805755,30100
28.415439601893663,30120
28.389684161577087,30140
28.46132360034859,30160
28.475650423879195,30180
28.488933649943423,30200
28.5423617207233,30220
28.57393072137532,30240
28.576217873938564,30260
28.5339383363065,30280
28.586185147191305,30300
28.669432027391174,30320
28.641525395070968,30340
28.627642931165038,30360
28.615632493546187,30380
28.667768793812158,30400
28.656870425524442,30420
28.679086666940947,30440
28.70199297108343,30460
28.677583877083975,30480
28.740280244812375,30500
28.746079683385396,30520
28.74160376446484,30540
28.804192332554646,30560
28.788875399917853,30580
28.827874971188578,30600
28.780252969637083,30620
28.834170831320606,30640
28.845871866030528,30660
28.877585198244713,30680
28.88095106226509,30700
28.891144555357933,30720
28.890789683019968,30740
28.952107975111673,30760
28.962457250904457,30780
28.88481802600474,30800
28.89892544980798,30820
28.966502014777785,30840
28.996548937200803,30860
28.990956400171367,30880
29.01744491965541,30900
29.101333001635105,30920
29.080688931319507,30940
29.064709322019,30960
29.057965850116364,30980
29.162543531202253,31000
29.165751239802557,31020
29.159624049967647,31040
29.17856619918574,31060
29.20736970568342,31080
29.187352724955517,31100
29.184896572005577,31120
29.410400449263072,31140
29.43546464538548,31160
29.416532314978255,31180
29.399650630577117,31200
29.43909003628408,31220
29.49553790269789,31240
29.466820670717105,31260
29.49333238135693,31280
29.506999197684323,31300
29.515922922350914,31320
29.540895487512625,31340
29.49041031124672,31360
29.53559314611276,31380
29.557206923398425,31400
29.621327877244994,31420
29.64981104125223,31440
29.84531028763496,31460
29.8541190071673,31480
29.842576193977514,31500
29.844238903746508,31520
29.86052240542972,31540
29.923929394867105,31560
29.939034566756664,31580
29.95194706499704,31600
29.965184128225992,31620
30.003159608234213,31640
29.996213163185544,31660
30.03527946467262,31680
30.061385889332897,31700
30.11950121225062,31720
30.000342939608274,31740
30.060665863572726,31760
30.15409564691937,31780
30.14726691780675,31800
30.129071784034355,31820
30.129383567444876,31840
30.213641151697615,31860
30.17733316493641,31880
30.22605872427266,31900
30.27189848418097,31920
30.232905469511955,31940
30.259045606470742,31960
30.295469122078657,31980
30.320033867131965,32000
30.259716271106484,32020
30.295525390767082,32040
30.28947455457753,32060
30.33078023883149,32080
30.287413883814235,32100
30.342736415286495,32120
30.34337793386256,32140
30.357874640993806,32160
30.43585317416526,32180
30.42621340210606,32200
30.413233653140587,32220
30.437882401890292,32240
30.4353928440715,32260
30.401842739043232,32280
30.45222992177313,32300
30.453447137363476,32320
30.53845881232337,32340
30.542782519680483,32360
30.465123715879933,32380
30.59805476092096,32400
30.826439733876192,32420
30.753234043897372,32440
30.77410750016713,32460
30.83557992005232,32480
30.866782752182633,32500
30.846906739951596,32520
30.94687843583724,32540
30.92372213901654,32560
30.915849830495738,32580
30.992664983782554,32600
30.91294852343303,32620
30.934046017002924,32640
30.970177846871955,32660
30.983307229237404,32680
31.02171881449415,32700
31.068727336458476,32720
31.00386598460126,32740
31.04537793991982,32760
31.079493677193074,32780
31.095795261368263,32800
31.100585399653106,32820
31.170147076809652,32840
31.155485695195036,32860
31.126327012642992,32880
31.15203717570089,32900
31.240450244811715,32920
31.26147987616463,32940
31.260120612511045,32960
31.23644248245465,32980
31.32314911000434,33000
31.3666589309436,33020
31.329790059062642,33040
31.369137916152248,33060
31.413156434949894,33080
31.375896955096536,33100
31.379147833865304,33120
31.404827006091953,33140
31.48842850545804,33160
31.402411443991312,33180
31.423031180644877,33200
31.493454751360197,33220
31.45628033774051,33240
31.45727605283825,33260
31.46538418888704,33280
31.533309108607497,33300
31.5597847039368,33320
31.554324330672053,33340
31.657476378019613,33360
31.618739449210207,33380
31.60927861817855,33400
31.656493498220733,33420
31.67292703891724,33440
31.64940465267434,33460
31.63954809720506,33480
31.690688413077517,33500
31.702388170486042,33520
31.717965924341357,33540
31.753527654817294,33560
31.787581958187985,33580
31.78944706408644,33600
31.866888822220034,33620
31.78353129452936,33640
31.897279800150706,33660
31.85334290083783,33680
31.8297127490224,33700
31.906415827876046,33720
31.934901718384033,33740
31.955349587411078,33760
31.9901370025554,33780
31.927429682205737,33800
32.06023940108423,33820
31.975334250476934,33840
32.02976764155041,33860
32.03582081816663,33880
32.065801813575106,33900
32.26001843371944,33920
32.23890217091207,33940
32.31390340678848,33960
32.332061224304375,33980
32.379706894296845,34000
32.4101906795058,34020
32.39633804462503,34040
32.442061933906544,34060
32.41721703376678,34080
32.42776972902372,34100
32.46267346847618,34120
32.479673252805355,34140
32.49792363261279,34160
32.517633790889626,34180
32.452811956871074,34200
32.48509858122184,34220
32.47505318962352,34240
32.59980466603675,34260
32.55638836045942,34280
32.618824665838126,34300
32.67886420338524,34320
32.64767849905168,34340
32.65918290348095,34360
32.731218585326644,34380
32.6904813704173,34400
32.69231232784545,34420
32.7214079022027,34440
32.71002889193933,34460
32.76085413355307,34480
32.721612014299325,34500
32.85329539515887,34520
32.80573280221905,34540
32.848712486502635,34560
32.84590205167099,34580
33.17856999486557,34600
33.16128023637084,34620
33.16490836059194,34640
33.1676744457249,34660
33.234189332008825,34680
33.216729222159614,34700
33.23095009634462,34720
33.235793274906214,34740
33.18335879327787,34760
33.20263427357837,34780
33.26347122807473,34800
33.23468836696886,34820
33.310115745840505,34840
33.30700373449701,34860
33.341180471525774,34880
33.32907394260985,34900
33.33903857176202,34920
33.40991285784515,34940
33.39480619498711,34960
33.4351279079486,34980
33.458103182959995,35000
33.46213843409917,35020
33.527073580706514,35040
33.45791337733095,35060
33.602376236754424,35080
33.55244494853349,35100
33.59611858127505,35120
33.678105389149025,35140
33.65074828717035,35160
33.63434266173266,35180
33.66369443686893,35200
33.70046064063722,35220
33.70048823595116,35240
33.63242560252485,35260
33.784373411204484,35280
33.97951401844343,35300
33.98579541873006,35320
34.02392134202017,35340
33.97314266388241,35360
34.046431774165,35380
34.07524173085281,35400
34.16115704713626,35420
34.176253339692295,35440
34.082972310027756,35460
34.14153935842314,35480
34.26433013715637,35500
34.17158371059659,35520
34.20883363326817,35540
34.21393131791942,35560
34.24042338493136,35580
34.2506273666196,35600
34.257524820871396,35620
34.28885092537876,35640
34.347380940303424,35660
34.36538371926862,35680
34.44952653923731,35700
34.59344982320443,35720
34.5791225534949,35740
34.54746289784312,35760
34.62303008270719,35780
34.6170325819319,35800
34.6877255916012,35820
34.64745837219381,35840
34.71418837062686,35860
34.72703873921198,35880
34.693103919120674,35900
34.75195364988869,35920
34.83519998392787,35940
34.80207772953204,35960
34.794501402069486,35980
34.81386461480232,36000
34.83596435542317,36020
34.97666529051154,36040
34.956475739247914,36060
34.86713446461846,36080
34.98486997267324,36100
34.958061403696746,36120
34.9252910261538,36140
34.9420052926071,36160
35.02880530969247,36180
34.9806166762374,36200
35.02970552729974,36220
35.28804053231519,36240
35.34119445394485,36260
35.385232357375315,36280
35.373020592426236,36300
35.423225408931586,36320
35.359157652158245,36340
35.474861068602365,36360
35.48768928841244,36380
35.52441931090189,36400
35.55344351616556,36420
35.51189291493544,36440
35.64141853779018,36460
35.590737019955796,36480
35.61049760292175,36500
35.63161628091531,36520
35.64160618545693,36540
35.68538811989015,36560
35.63436393654334,36580
35.73474386342541,36600
35.78005499933636,36620
35.70040132472903,36640
35.97841812637718,36660
36.085532121017835,36680
36.06398627581446,36700
36.054928168669925,36720
36.04877775475104,36740
36.06382144620273,36760
36.06328884843636,36780
36.12484087081274,36800
36.09377746221237,36820
36.244800647514936,36840
36.215389266121825,36860
36.24954479508878,36880
36.20648702818053,36900
36.2301251678843,36920
36.25187393870533,36940
36.3043089923903,36960
36.28721544138682,36980
36.36753656107835,37000
36.409887766514096,37020
36.354589384051565,37040
36.35700059233747,37060
36.413180409414196,37080
36.51061565622316,37100
36.48543315528597,37120
36.435658027404735,37140
36.509269033479036,37160
36.55005418266154,37180
36.82221290575261,37200
36.900654867514554,37220
36.83131694341894,37240
36.88953030658942,37260
36.87883338296438,37280
36.88438296202995,37300
36.90646152151249,37320
36.92599318857769,37340
36.97994624373916,37360
36.97593661339736,37380
36.96585935501219,37400
37.017909090564366,37420
37.04673562825489,37440
37.036388187193516,37460
37.08620173750742,37480
37.16033697441085,37500
37.107246895123964,37520
37.181227289751874,37540
37.14899864768164,37560
37.21690558298598,37580
37.25384351481003,37600
37.26517822359285,37620
37.29148798346418,37640
37.33826637428428,37660
37.389085900816355,37680
37.338029096788794,37700
37.38660619118111,37720
37.41726578298092,37740
37.38804721326141,37760
37.518881813872426,37780
37.45226039714977,37800
37.42485539035366,37820
37.51385131101578,37840
37.5044989902923,37860
37.5874467000602,37880
37.555603229574544,37900
37.62313556693554,37920
37.602228473077794,37940
37.65336680964346,37960
37.65913182064021,37980
37.66568254602261,38000
37.641090075151766,38020
37.69035232773155,38040
37.7031783027799,38060
37.76797027601994,38080
38.04136445159689,38100
38.151927354876726,38120
38.0777637982692,38140
38.144846277588954,38160
38.073908911187694,38180
38.17852695094139,38200
38.15356690282349,38220
38.153879564637094,38240
38.20656938952143,38260
38.1623454035809,38280
38.20940845131612,38300
38.22762345732046,38320
38.29301180920983,38340
38.30206166146419,38360
38.27821941916223,38380
38.36457585779458,38400
38.402613302551515,38420
38.41865991800638,38440
38.420263030185694,38460
38.43231100542935,38480
38.402224958270544,38500
38.45382628959726,38520
38.51084163229385,38540
38.95953460916921,38560
38.95033269371312,38580
38.924865961492884,38600
39.02905267849742,38620
39.07789326210511,38640
39.08137849586932,38660
39.09017049159101,38680
39.15352298879118,38700
39.19027737218432,38720
39.13810588472022,38740
39.170626366795894,38760
39.217022025348044,38780
39.22948567672334,38800
39.26375767321754,38820
39.25355638264377,38840
39.3237422706756,38860
39.40274560921776,38880
39.38420267717842,38900
39.39405312775696,38920
39.38556269145113,38940
39.36000432390114,38960
39.48197499985708,38980
39.389812745194895,39000
39.48047531116498,39020
39.558123669319684,39040
39.51015626454908,39060
39.55526152466824,39080
39.578585151580555,39100
39.59601708450582,39120
39.64331868783905,39140
39.64003095895036,39160
39.624907744859804,39180
39.63751759867618,39200
39.71356194487079,39220
39.72326974885074,39240
39.72262606907626,39260
39.71897418494669,39280
39.677013704894875,39300
39.73857773838281,39320
39.75269581519556,39340
39.78635299145329,39360
39.827483339695156,39380
39.77774015958029,39400
39.845169710475616,39420
39.881534393887016,39440
39.9729232624387,39460
39.941930837244556,39480
39.93642147054489,39500
39.99025504635388,39520
40.02681128598154,39540
40.05082116385131,39560
40.07805426455678,39580
40.08724249040379,39600
40.123677978290246,39620
40.12828288910298,39640
40.21273520305043,39660
40.16334972904522,39680
40.20577095901048,39700
40.185162289729405,39720
40.245905597016964,39740
40.26756202540257,39760
40.28974190211949,39780
40.30811057827701,39800
40.30757874540846,39820
40.353274014833055,39840
40.28654009021787,39860
40.37247837314004,39880
40.429306106190495,39900
40.415300592966986,39920
40.43849016755093,39940
40.49306055487134,39960
40.5131900145235,39980
40.50244439627478,40000
40.54856651568902,40020
40.65450411649253,40040
40.55507644492465,40060
40.60118641797868,40080
40.65797332783992,40100
40.70430101132078,40120
40.68683630951139,40140
40.65850607653431,40160
40.704284575020196,40180
40.70290751614962,40200
40.804153916426515,40220
40.80575268346915,40240
40.808565188133414,40260
40.866275059912255,40280
40.84255760972259,40300
40.93086207614614,40320
40.968354085398275,40340
40.91635830772189,40360
40.95133474006369,40380
41.00846690446804,40400
41.01718197771697,40420
41.04042434551585,40440
41.07963681790351,40460
41.086987128888666,40480
41.11094343797964,40500
41.163429496560816,40520
41.13343862401665,40540
41.08291937617492,40560
41.137355370730894,40580
41.110900826495204,40600
41.15219180416395,40620
41.19341325098526,40640
41.27000741798355,40660
41.34757085214465,40680
41.313686593225626,40700
41.33084750324254,40720
41.33128217147697,40740
41.37257049391561,40760
41.3481025751149,40780
41.354599531237305,40800
41.490365487256824,40820
41.40219515109301,40840
41.43898972913998,40860
41.57578290355314,40880
41.476976674407325,40900
41.53436100027354,40920
41.56411144411141,40940
41.51440841900705,40960
41.63231238455417,40980
41.62349046621186,41000
41.717756344213335,41020
41.73975454263726,41040
41.687155666082845,41060
41.71780400279257,41080
41.72678787278427,41100
41.76167613119282,41120
41.77292734279166,41140
41.803016474762146,41160
41.80495611387481,41180
41.88879539467142,41200
41.903526007946034,41220
41.96841183152725,41240
41.931312903138505,41260
41.92576018063761,41280
42.00536756965596,41300
41.97515059811907,41320
41.976640935244184,41340
42.05574010635709,41360
42.09655738200446,41380
42.09902523073542,41400
42.08141179530461,41420
42.15012334849098,41440
42.10102341284955,41460
42.25765349073711,41480
42.18549137130635,41500
42.191048139479975,41520
42.24660172783417,41540
42.267323862501016,41560
42.2653067937163,41580
42.32334367113043,41600
42.24553681510979,41620
42.30121622051541,41640
42.351630291446924,41660
42.37678972371414,41680
42.377832519033525,41700
42.37945107772474,41720
42.38100688001826,41740
42.46251768898711,41760
42.446010729643916,41780
42.46907945059438,41800
42.573016332274506,41820
42.52437826867177,41840
42.56630885954134,41860
42.56183585054694,41880
42.61763975504955,41900
42.566727937710716,41920
42.632960874378014,41940
42.5766306304716,41960
42.690201969560846,41980
42.757211884770705,42000
42.723139288669444,42020
42.75632910316251,42040
42.747506716960906,42060
42.77213038944518,42080
42.75964487742319,42100
42.86967721160912,42120
42.8361333619269,42140
42.84724366200335,42160
42.948260137746665,42180
42.914086979331344,42200
42.940124496472194,42220
42.90552591956349,42240
42.95153854242285,42260
43.02719793643356,42280
43.01892258111666,42300
43.05032370354445,42320
43.05350579577362,42340
43.130747857689585,42360
43.07947978213537,42380
43.1230211385068,42400
43.1166486508327,42420
43.14655965911088,42440
43.16215612256124,42460
43.18365634479785,42480
43.19069732570308,42500
43.22796650597607,42520
43.22387581291907,42540
43.26407642933175,42560
43.256038841697375,42580
43.266787326597175,42600
43.27421440304951,42620
43.33295867840734,42640
43.301703762306,42660
43.36243483299782,42680
43.38593032965713,42700
43.41639819641253,42720
43.41905500259936,42740
43.43900530986842,42760
43.479602935691005,42780
43.46070391604904,42800
43.54296076839757,42820
43.471899996693786,42840
43.54098118804258,42860
43.631588588416356,42880
43.53185757890233,42900
43.68771897782155,42920
43.62362048997695,42940
43.629384767691974,42960
43.612349827874326,42980
43.63756114941843,43000
43.71654981075986,43020
43.783071564561084,43040
43.756423058046806,43060
43.767860924285756,43080
43.828460957890215,43100
43.82147020367756,43120
43.83835614238976,43140
43.8774741361983,43160
43.8884967985987,43180
43.87542353304567,43200
43.870039807625986,43220
43.95251836493156,43240
44.03774100771201,43260
43.93877457891638,43280
43.96254487109727,43300
43.979916922718,43320
44.00909946361705,43340
44.04141282141511,43360
44.10605651109312,43380
44.120728169620904,43400
44.092106754750375,43420
44.16257555614145,43440
44.14642947751167,43460
44.12185008783401,43480
44.13143153326323,43500
44.19752660324785,43520
44.149646331389675,43540
44.28106446050014,43560
44.248418569373165,43580
44.29537846658838,43600
44.28493518531053,43620
44.37064996358489,43640
44.29041283999986,43660
44.31543295558383,43680
44.36678425751909,43700
44.416288018825625,43720
44.411561615578094,43740
44.454723205154814,43760
44.41848885981628,43780
44.458049937254856,43800
44.529637869719956,43820
44.5656604438905,43840
44.54948570510235,43860
44.53532926954534,43880
44.554481429105536,43900
44.597733584267786,43920
44.65819704109816,43940
44.62835463288102,43960
44.68972601170363,43980
44.682074024423514,44000
44.720345420640655,44020
44.72474741399263,44040
44.67900937371161,44060
44.72046886944209,44080
44.78055782416729,44100
44.76798693670074,44120
44.77211416711387,44140
44.84545465033294,44160
44.87559754246543,44180
44.84222069325587,44200
44.881940573862224,44220
44.90295362783972,44240
44.91152775057337,44260
44.93920950325929,44280
44.92749525245406,44300
45.007716212883174,44320
44.96048934006372,44340
44.965114424135464,44360
44.992502571600404,44380
45.226545779066086,44400
45.315737796030696,44420
45.288698702303876,44440
45.3049645404018,44460
45.354257535923935,44480
45.35430940233388,44500
45.36630012167759,44520
45.34412592943194,44540
45.41786143086504,44560
45.69964003579875,44580
45.72520041989168,44600
45.723029509988415,44620
45.78723919431283,44640
45.72368604084187,44660
45.78949388764791,44680
45.758199130832,44700
45.794639863973636,44720
45.82148651574256,44740
45.83841622492679,44760
45.84034223388556,44780
45.89069067818082,44800
45.86659854778486,44820
45.958218472983766,44840
45.96347221220713,44860
45.975008611794586,44880
46.02506337933343,44900
46.00113318494833,44920
46.04879749097152,44940
46.110252774210224,44960
46.08122961182269,44980
46.03393731527592,45000
46.141191062745726,45020
46.14939370312385,45040
46.15070969238603,45060
46.115912278417454,45080
46.10854206845596,45100
46.174069938323036,45120
46.191795096721805,45140
46.20049082536554,45160
46.219791224714406,45180
46.25409236063847,45200
46.30445459772507,45220
46.31749904755842,45240
46.3517871893155,45260
46.302493276638955,45280
46.30310387519468,45300
46.370917257573836,45320
46.32175455157818,45340
46.37293764641442,45360
46.47387916199049,45380
46.501547336232996,45400
46.42343739081032,45420
46.50171943937916,45440
46.52146462287879,45460
46.5065191109889,45480
46.524814687613194,45500
46.49262139018523,45520
46.530350318907395,45540
46.58586413648044,45560
46.72054307842225,45580
46.58641490481542,45600
46.828062076825304,45620
46.885367179704446,45640
46.832544573946166,45660
46.908314040038974,45680
46.89354847566663,45700
46.840415654395315,45720
46.880812258453204,45740
46.896817136950816,45760
46.99504941901708,45780
46.965666219921744,45800
47.00695997222873,45820
47.00683599756866,45840
47.05669334869363,45860
47.10705635409789,45880
47.06558707340787,45900
47.10569439476225,45920
47.11670819718118,45940
47.156006448117864,45960
47.09190671315224,45980
47.187367522280454,46000
47.12429769734304,46020
47.20734007697761,46040
47.1843989573707,46060
47.17823727334776,46080
47.21697797366133,46100
47.2642303777116,46120
47.28579804730216,46140
47.350667249049664,46160
47.3074602104458,46180
47.30976837814874,46200
47.35409876616999,46220
47.45387033501551,46240
47.36701435107164,46260
47.41648255238165,46280
47.35605901997849,46300
47.4244400405868,46320
47.457833371340996,46340
47.39633296409107,46360
47.499850373167675,46380
47.58960971984456,46400
47.5040963573161,46420
47.55226203948423,46440
47.50807184211449,46460
47.64255800142494,46480
47.60541917764655,46500
47.61040240543617,46520
47.616366713380714,46540
47.623000098591866,46560
47.632127420965496,46580
47.68430373115811,46600
47.68982180770484,46620
47.666769062379764,46640
47.72343373093142,46660
47.71928983772723,46680
47.7407802504189,46700
47.81857194822988,46720
47.77837400262493,46740
47.752255540569834,46760
47.81375286412509,46780
47.814121258284885,46800
47.90405913676331,46820
47.85403554534379,46840
47.92030679988998,46860
47.916682538065004,46880
47.91099143594098,46900
47.90402569817435,46920
47.995784974690224,46940
47.97947868418137,46960
47.975476020810945,46980
47.99160519077616,47000
48.07622629432446,47020
48.011607487167836,47040
48.0152649147749,47060
48.09435324446007,47080
48.111551667658276,47100
48.10910242882029,47120
48.04253361993207,47140
48.119029198876596,47160
48.12377918427196,47180
48.179549304760656,47200
48.20862808218385,47220
48.23558816797393,47240
48.22729476037195,47260
48.19932444410461,47280
48.30359553721676,47300
48.25063050028379,47320
48.23881650396947,47340
48.34826191974951,47360
48.301503814842256,47380
48.31386055079527,47400
48.31234509018635,47420
48.41074941106141,47440
48.3397138902411,47460
48.33873528955692,47480
48.37446222126319,47500
48.38309222106054,47520
48.395280080324255,47540
48.38337410687181,47560
48.46442557227366,47580
48.503180288755615,47600
48.49330577950596,47620
48.53861343083688,47640
48.50584327859884,47660
48.50412936751002,47680
48.51962062668773,47700
48.57580980145238,47720
48.51076493010823,47740
48.567629537676886,47760
48.57444305514912,47780
48.661665875424035,47800
48.64649773671795,47820
48.71002803748983,47840
48.600488229704574,47860
48.66098049093695,47880
48.660771369845655,47900
48.69388930809641,47920
48.787790448737695,47940
48.72299475428145,47960
48.74201019716967,47980
48.73559363427676,48000
48.73715586287964,48020
48.84622430906522,48040
48.824801348815186,48060
48.814079735824116,48080
48.85898356629531,48100
48.80170337194369,48120
48.9734771594004,48140
48.847469624783876,48160
48.88203730715349,48180
48.91565234534594,48200
48.95567987802936,48220
48.89768528759237,48240
48.96994059320139,48260
48.996057202144485,48280
48.91345157311967,48300
48.99264836683464,48320
48.96010100354509,48340
49.018507143785506,48360
49.02363319360791,48380
49.00366508201344,48400
49.18967128512969,48420
49.1486825790611,48440
49.113338203064316,48460
49.07215051854585,48480
49.12761969850577,48500
49.22707818544262,48520
49.19974651745164,48540
49.16889137020841,48560
49.201907616277154,48580
49.23072187278241,48600
49.22288022287351,48620
49.24368130433457,48640
49.27369575542277,48660
49.1752153202727,48680
49.293728804623626,48700
49.2768907384208,48720
49.423235927849234,48740
49.30357015645558,48760
49.37505599816991,48780
49.37213959399325,48800
49.32400053027516,48820
49.31057510481411,48840
49.36857071246995,48860
49.39446315709206,48880
49.32032315831119,48900
49.38370774644279,48920
49.38321239300251,48940
49.48983206737532,48960
49.460805769823494,48980
49.53008071608032,49000
49.51408914589767,49020
49.54239013831326,49040
49.54784865493347,49060
49.554931376569385,49080
49.613628886545804,49100
49.5493403336668,49120
49.59222178332476,49140
49.60282280527318,49160
49.67208195574916,49180
49.65647624425465,49200
49.632516789611074,49220
49.71424796511948,49240
49.91606941455473,49260
49.88209493623104,49280
49.914691222952676,49300
49.96393550917177,49320
49.95414539234402,49340
49.98540935431225,49360
49.92506287510288,49380
49.93982450201211,49400
50.042704668704346,49420
49.945678423636735,49440
50.01721849031467,49460
50.050018216307684,49480
50.02592533372906,49500
50.0816109881702,49520
50.10454868389761,49540
50.08781074447407,49560
50.11378765128823,49580
50.14120375114916,49600
50.07519842205481,49620
50.075890976179416,49640
50.14899116807925,49660
50.22802749798261,49680
50.13663120939317,49700
50.154558545772616,49720
50.23389654845914,49740
50.29308033422984,49760
50.26166673215558,49780
50.33736999478993,49800
50.252142079430634,49820
50.271341693325255,49840
50.35215934565365,49860
50.28921260218922,49880
50.34846699132884,49900
50.33680541531831,49920
50.339830443322654,49940
50.350430347064744,49960
50.32710917158271,49980
50.44606810501254,50000
50.38787823030862,50020
50.39400492925037,50040
50.39514979934229,50060
50.50124670773378,50080
50.49513458675229,50100
50.49539056586297,50120
50.60218716895982,50140
50.51175021404593,50160
50.51386778274555,50180
50.49561015242298,50200
50.50116899016817,50220
50.60892115874766,50240
50.552322973752524,50260
50.58009833280233,50280
50.625142689448495,50300
50.81251340426443,50320
50.84532376858667,50340
50.84491532938178,50360
50.83405453026471,50380
50.79612337899898,50400
50.81301365697595,50420
50.85444725388118,50440
50.92385101811338,50460
50.934763824921944,50480
50.8742394465125,50500
50.84558463838571,50520
50.92082953335809,50540
50.93845887111727,50560
50.95324548867475,50580
50.99802415572641,50600
50.97052298956768,50620
51.031381642641705,50640
51.02956038599049,50660
51.063458946416894,50680
51.06753888316477,50700
51.08781674381661,50720
51.066905001606514,50740
51.08356254581692,50760
51.06194331456049,50780
51.05410687990522,50800
51.15776061777588,50820
51.139671795144366,50840
51.15342041100901,50860
51.17070347576452,50880
51.18938829437187,50900
51.15794620383767,50920
51.24169680265547,50940
51.20873061858941,50960
51.218105859232324,50980
51.20595894749505,51000
51.24431610105384,51020
51.19791361611064,51040
51.240747779153516,51060
51.26166253076036,51080
51.28629582923956,51100
51.308494327091935,51120
51.3282575228946,51140
51.31358624213055,51160
51.33484289110038,51180
51.372513371635755,51200
51.37239073989895,51220
51.40323004506423,51240
51.39630935800894,51260
51.41850632791954,51280
51.3416871865311,51300
51.458314812857154,51320
51.40280967987293,51340
51.43976866763743,51360
51.43266718940282,51380
51.495916603132926,51400
51.532898248050365,51420
51.487858483825555,51440
51.46696024500075,51460
51.52565476884852,51480
51.586858392144244,51500
51.54558589755049,51520
51.57057529984315,51540
51.516425379013626,51560
51.553064683933435,51580
51.62323977681522,51600
51.63457170311905,51620
51.617033713781,51640
51.65116083862944,51660
51.70754837527609,51680
51.70635487249745,51700
51.659729838137416,51720
51.63969599732816,51740
51.69180531302848,51760
51.701252921524095,51780
51.770065934322126,51800
51.77743129385645,51820
51.818603216551466,51840
51.80738654463305,51860
51.84794354040246,51880
51.752654237423755,51900
51.88355334194494,51920
51.89908589443534,51940
51.859225500351684,51960
51.87663576609029,51980
51.93649797151863,52000
51.85810501180934,52020
51.947231413667055,52040
51.948049692303385,52060
51.984584264343326,52080
51.99605635781349,52100
51.960823422454204,52120
52.00950392866491,52140
51.971267653123476,52160
52.00199124679017,52180
51.981874384146685,52200
52.10479801618848,52220
52.073591725863224,52240
52.11724833787724,52260
52.08135797444753,52280
52.1106377671833,52300
52.14431601258025,52320
52.11422890447139,52340
52.200471093375164,52360
52.17917206154159,52380
52.20163793813364,52400
52.13479075225449,52420
52.249784847494574,52440
52.20922134541236,52460
52.31212140431892,52480
52.21872044654808,52500
52.22794832819757,52520
52.18492034582381,52540
52.292284561307156,52560
52.27816175715118,52580
52.33996296917828,52600
52.30311809156105,52620
52.36720439870675,52640
52.367445948601556,52660
52.339266405842594,52680
52.281542062039605,52700
52.28539917649547,52720
52.42189258458529,52740
52.37665258585798,52760
52.369914932511776,52780
52.43296433303644,52800
52.450360420185916,52820
52.489807197351524,52840
52.394399964999025,52860
52.43561076425743,52880
52.47201697691671,52900
52.45812747319931,52920
52.530027190422814,52940
52.58997261716143,52960
52.52722306960809,52980
52.54350898518784,53000
52.672029567972494,53020
52.542775047296075,53040
52.57841742031759,53060
52.58205041351671,53080
52.666661717314206,53100
52.567300564419845,53120
52.61565419782126,53140
52.57154646533728,53160
52.61993147190368,53180
52.652960140159706,53200
52.68035715882827,53220
52.66016639380579,53240
52.678029722778184,53260
52.68198848028632,53280
52.74473032821086,53300
52.74459119658986,53320
52.76499560587467,53340
52.74390220622803,53360
52.73559206087333,53380
52.81492324177749,53400
52.805553229763916,53420
52.7985851995161,53440
52.82284165661743,53460
52.867983317735195,53480
52.861404176941654,53500
52.90706239913155,53520
52.88571971627965,53540
52.848072901955256,53560
52.838902008936714,53580
52.98083479957806,53600
52.9371578887276,53620
52.86417657537436,53640
52.99567844208521,53660
52.96076621538301,53680
53.00475481333107,53700
52.96431738768754,53720
52.9988164286224,53740
52.975183938149314,53760
53.106656701286816,53780
53.093055880875156,53800
53.05173384370271,53820
52.989507235625396,53840
53.09303208819403,53860
53.12976435929707,53880
53.109600497963015,53900
53.18164407273058,53920
53.13361716988953,53940
53.09628782599084,53960
53.113211702760736,53980
53.127885692663256,54000
53.17464282707946,54020
53.13802384181074,54040
53.17612127469914,54060
53.16011593196707,54080
53.165315153584174,54100
53.20275863098148,54120
53.211485452843135,54140
53.22418563127774,54160
53.17216780852279,54180
53.189088213681345,54200
53.32696302436037,54220
53.24967949257657,54240
53.26714952687065,54260
53.26282343740773,54280
53.365424787870225,54300
53.294482217849435,54320
53.33763735599431,54340
53.29426052990733,54360
53.353640050673334,54380
53.35074635414878,54400
53.386352008420204,54420
53.43568679133172,54440
53.39319362575823,54460
53.42744047334463,54480
53.420440454316875,54500
53.35171857574341,54520
53.38913360746337,54540
53.44202997346826,54560
53.49592289405597,54580
53.48345790608697,54600
53.53441881552371,54620
53.548285154919185,54640
53.51056035776227,54660
53.516566484422185,54680
53.60828748963603,54700
53.5389274959266,54720
53.55147490142403,54740
53.548937768249246,54760
53.63065903260841,54780
53.58865559336632,54800
53.598848012354026,54820
53.65043321087006,54840
53.63489780765147,54860
53.61015376042765,54880
53.62355906022089,54900
53.69480639028269,54920
53.65105280307843,54940
53.69347304021342,54960
53.67670082390003,54980
53.648988910230756,55000
53.68113499315089,55020
53.729571009164445,55040
53.73620643474527,55060
53.69000526246093,55080
53.716478989635206,55100
53.7974617295519,55120
53.79118437619241,55140
53.75549163599006,55160
53.812088499172106,55180
53.801824203293265,55200
53.802739584428195,55220
53.81245575334309,55240
53.86082531164776,55260
53.914906810672825,55280
53.919048784276924,55300
53.83928195694808,55320
53.873456493399694,55340
53.83102533325004,55360
53.909284939169055,55380
53.93999024277572,55400
53.97318364517305,55420
53.923569573548484,55440
53.95660692198981,55460
53.951754966387384,55480
53.9920938793438,55500
53.96863316305637,55520
53.99986976363955,55540
54.02735246575116,55560
54.05111273035485,55580
54.07495659472417,55600
54.05360282403227,55620
54.04660129260721,55640
54.08859390685176,55660
54.04442396613221,55680
54.04484859903934,55700
54.10814039765058,55720
54.117317472730974,55740
54.10271886831943,55760
54.11144505379115,55780
54.13868867351704,55800
54.14401479524301,55820
54.16568997450443,55840
54.18247338008587,55860
54.19149332968148,55880
54.19581062231218,55900
54.18221246933176,55920
54.25674870647633,55940
54.196795486231395,55960
54.19146614908503,55980
54.33113603212339,56000
54.3372929257135,56020
54.23853836828535,56040
54.325065323690936,56060
54.26465312981057,56080
54.28356208130536,56100
54.35719231526365,56120
54.38446285275552,56140
54.38245950874738,56160
54.40131731453653,56180
54.349554159833495,56200
54.35746995874422,56220
54.42203145420137,56240
54.457389950689276,56260
54.426137173247994,56280
54.392598971913294,56300
54.41733588486096,56320
54.4797487788408,56340
54.47542195261997,56360
54.45291539387233,56380
54.450793361192474,56400
54.52633841322076,56420
54.52251569112843,56440
54.46918435821067,56460
54.48324915237508,56480
54.477322600603905,56500
54.56280348530554,56520
54.580431323295414,56540
54.56521828458077,56560
54.60135812299285,56580
54.588352603711876,56600
54.589002652655786,56620
54.62416997936266,56640
54.59893008341544,56660
54.626472168888945,56680
54.66241338221791,56700
54.642799850033356,56720
54.64524682894213,56740
54.72776709354772,56760
54.66388254146621,56780
54.65178755364965,56800
54.6392927970846,56820
54.71668147455877,56840
54.64343970122998,56860
54.728760061000095,56880
54.6946942703025,56900
54.72465457745939,56920
54.78145598752137,56940
54.756069014733995,56960
54.81502373688134,56980
54.82015741759244,57000
54.808540300344,57020
54.728765001972306,57040
54.815458612622955,57060
54.82891493884455,57080
54.863296275985014,57100
54.85755773255687,57120
54.926071628241594,57140
54.84414260018941,57160
54.91137154065036,57180
54.922593964551865,57200
54.89889895644863,57220
54.937576128473985,57240
54.953632063479006,57260
54.9410106821519,57280
54.97511620757146,57300
54.92469201824314,57320
55.003574748858114,57340
54.96971610946531,57360
54.9461661872174,57380
54.97019526193051,57400
55.037646163835674,57420
54.981627864710326,57440
55.05253246164159,57460
55.053302808043256,57480
55.04092255337756,57500
55.06563812775543,57520
55.01289454817372,57540
55.09377138985599,57560
55.11201061901864,57580
55.044731403322594,57600
55.15471273098137,57620
55.047918117391106,57640
55.1378613272602,57660
55.07932942760338,57680
55.12622258858978,57700
55.17567723258915,57720
55.14278539408295,57740
55.163889971772036,57760
55.171804665276525,57780
55.18028544156194,57800
55.23332673376987,57820
55.21340189887625,57840
55.227278815754445,57860
55.22132816567707,57880
55.26189674638717,57900
55.46841819781139,57920
55.362891910295424,57940
55.453548051437906,57960
55.43415314128487,57980
55.47915859178904,58000
55.492047004192486,58020
55.45470425867902,58040
55.51388492013541,58060
55.44766954815001,58080
55.4956420651823,58100
55.554492724629284,58120
55.4953779718599,58140
55.558163014043004,58160
55.51080207206232,58180
55.54619308105522,58200
55.5255323347714,58220
55.59569440134175,58240
55.53704994627327,58260
55.5763926538246,58280
55.60264733705589,58300
55.62500621013655,58320
55.651697809488994,58340
55.65132020653224,58360
55.64986497001844,58380
55.639665600278384,58400
55.617239288825104,58420
55.69629204158835,58440
55.631213252346114,58460
55.68930090169477,58480
55.69339775860699,58500
55.63906202516236,58520
55.69663131552656,58540
55.74685213721677,58560
55.84512051073961,58580
55.871589697983744,58600
55.805779470671474,58620
55.92074418997038,58640
55.83247991271563,58660
55.83068037167568,58680
55.83767215369025,58700
55.9080585329449,58720
55.907366633107465,58740
55.90461541416029,58760
55.92436391794412,58780
55.8870022231953,58800
55.93058302494763,58820
55.93471239580422,58840
55.96484528416759,58860
55.94463856825992,58880
55.97669540202136,58900
55.98050566572803,58920
55.97586916369431,58940
56.06343521290961,58960
56.041491491838954,58980
56.0385811349163,59000
56.084177992854535,59020
56.012559838929036,59040
56.04802884890065,59060
56.06882795435984,59080
56.0861483657862,59100
56.0218819962503,59120
56.050992499129876,59140
56.034463316806466,59160
56.08700203591579,59180
56.20331681984541,59200
56.11478964199889,59220
56.14629664929829,59240
56.17554406919118,59260
56.10689748715802,59280
56.120308726932976,59300
56.23502098357001,59320
56.195202604433334,59340
56.21383703406619,59360
56.18712201302911,59380
56.201172078321605,59400
56.247071004045196,59420
56.30354155360574,59440
56.34289427274514,59460
56.31786234329637,59480
56.32093538114938,59500
56.32818666410404,59520
56.32740717469471,59540
56.36250164810545,59560
56.35711604375699,59580
56.342777698462804,59600
56.35230265256649,59620
56.307691019958014,59640
56.39880463883776,59660
56.34730698950233,59680
56.381340241990586,59700
56.428780600034855,59720
56.4024358009722,59740
56.430776235492566,59760
56.44382363585937,59780
56.403984841046224,59800
56.424448600184235,59820
56.425311930736925,59840
56.44382675292063,59860
56.487461754360524,59880
56.50781800640868,59900
56.51705728658565,59920
56.51007324556538,59940
56.540484173854196,59960
56.490649707689684,59980
56.4782799244245,60000
56.53486426498028,60020
56.598106881837005,60040
56.55404061057574,60060
56.54846933277108,60080
56.61369309919524,60100
56.633454892240536,60120
56.6549905776753,60140
56.56365761809527,60160
56.59296078625316,60180
56.572043420234834,60200
56.57607564193874,60220
56.58405300732398,60240
56.658414250536985,60260
56.70359959442988,60280
56.67532871871387,60300
56.75184135397703,60320
56.67366170550635,60340
56.699274973556065,60360
56.637301124854325,60380
56.77730014012907,60400
56.70620161812124,60420
56.71638951818047,60440
56.765672208666736,60460
56.78150690485377,60480
56.78243031187831,60500
56.787856362523144,60520
56.850410439680516,60540
56.76819673983215,60560
56.81133213827083,60580
56.80220250344744,60600
56.78687866268447,60620
56.82524352114905,60640
56.78142421986635,60660
56.83125032791926,60680
56.843075210117156,60700
56.868917121140434,60720
56.88093120519719,60740
56.88332009999762,60760
56.87563359496878,60780
56.85804871495634,60800
56.88798616453274,60820
56.86380530398021,60840
56.98441352068144,60860
56.97096755844085,60880
56.86582789221967,60900
56.89259360135281,60920
56.9295711209313,60940
56.92920000909417,60960
56.944780459253565,60980
56.98942735580059,61000
56.974122084147936,61020
56.99546137336334,61040
57.06890473985226,61060
57.03698843472877,61080
57.114082223901455,61100
57.016278477586866,61120
56.94735325893606,61140
57.07393192371437,61160
57.05124374601503,61180
57.017032236630286,61200
57.07563860713206,61220
57.06358087494491,61240
57.085562910728314,61260
57.14545719446656,61280
57.07859231300873,61300
57.10022832857924,61320
57.15099614628608,61340
57.12595351189737,61360
57.13174996975664,61380
57.14080498113267,61400
57.226087884049875,61420
57.14328775832496,61440
57.16360163015897,61460
57.18575542419288,61480
57.15502656480776,61500
57.21103984335688,61520
57.21797360384541,61540
57.24729970414238,61560
57.21440328464799,61580
57.20918988970083,61600
57.22476472938666,61620
57.256150852760484,61640
57.253807138146556,61660
57.25752078263392,61680
57.259540465077315,61700
57.30823388450869,61720
57.294447132821944,61740
57.30117779514855,61760
57.322437023875395,61780
57.40101427995391,61800
57.27226080414469,61820
57.34361174243557,61840
57.37150731251643,61860
57.32203155190104,61880
57.35245798870912,61900
57.37389553478409,61920
57.365890237288276,61940
57.38533388733241,61960
57.39070171160779,61980
57.33384361139058,62000
57.38032421605371,62020
57.456754995825676,62040
57.43387628476996,62060
57.395323378939835,62080
57.40608870608888,62100
57.420386049361106,62120
57.456769334688815,62140
57.47842883263566,62160
57.48516762791406,62180
57.49103172374659,62200
57.50026768618305,62220
57.510328203590326,62240
57.55545401542537,62260
57.567836293045005,62280
57.527934872068556,62300
57.57784379866709,62320
57.59841841840406,62340
57.55000338866982,62360
57.55530737635664,62380
57.577520487748814,62400
57.60092172885156,62420
57.62108059652086,62440
57.62823647563785,62460
57.65390955699438,62480
57.676141895972826,62500
57.64742769677388,62520
57.612058722769376,62540
57.639674215256065,62560
57.68260593649008,62580
57.70918394643094,62600
57.785008751392134,62620
57.73021675051686,62640
57.66564877197116,62660
57.66560727380038,62680
57.76395323999549,62700
57.75500503059763,62720
57.7730688144251,62740
57.714927309648985,62760
57.74514880402107,62780
57.78001716853549,62800
57.828590656391725,62820
57.77691395393635,62840
57.890155027831206,62860
57.80963593949552,62880
57.80645574066989,62900
57.90003358263074,62920
57.836106556143505,62940
57.85537787263951,62960
57.90935621946173,62980
57.85046675720801,63000
57.856703999597514,63020
57.81028958448807,63040
57.92336096169794,63060
57.92414187157055,63080
57.907259782237674,63100
58.00179295005439,63120
57.976402752207164,63140
57.95376053106868,63160
57.986106279534,63180
57.970290931105,63200
57.917381223601524,63220
57.97541903775516,63240
57.99806149875024,63260
58.05087555625482,63280
58.038185265461145,63300
57.984276387903776,63320
58.00894887783857,63340
58.02988182615484,63360
58.071982485362554,63380
58.002110427609765,63400
58.005640459315785,63420
58.009725706972816,63440
58.02277383057012,63460
58.0817295857172,63480
58.066237222352584,63500
58.08142273676526,63520
58.08191297064961,63540
58.1654115749599,63560
58.157281665056495,63580
58.185287200660916,63600
58.12701793798625,63620
58.204448478100254,63640
58.17602328292001,63660
58.19050058705987,63680
58.11954172200764,63700
58.15853322333028,63720
58.14229796313397,63740
58.13401796649459,63760
58.214613174750646,63780
58.25100503489008,63800
58.268673778799084,63820
58.26777582837519,63840
58.240132680987685,63860
58.28358244098041,63880
58.24858057689119,63900
58.315970690303004,63920
58.25183254262225,63940
58.297837745346285,63960
58.31446218096562,63980
58.287610734756825,64000
58.27593592425318,64020
58.230969523482926,64040
58.27587995877022,64060
58.42678007309252,64080
58.36056349249876,64100
58.35789941859096,64120
58.374985155263474,64140
58.38419490170111,64160
58.399356488565836,64180
58.40874859987421,64200
58.421492789549085,64220
58.40322688532966,64240
58.341346949388004,64260
58.418193622979615,64280
58.462647478098965,64300
58.427472195078074,64320
58.402541570397716,64340
58.476045972323234,64360
58.45145495544016,64380
58.5346723856251,64400
58.44608434044335,64420
58.45696914345616,64440
58.516165669446096,64460
58.4546414986699,64480
58.51968787573149,64500
58.58496582144634,64520
58.568359401820956,64540
58.54188291483008,64560
58.59335559884178,64580
58.58371056480148,64600
58.5611624546855,64620
58.604690507586966,64640
58.64507884968976,64660
58.63327967016238,64680
58.596391285109675,64700
58.64822318778794,64720
58.63168358156366,64740
58.66828763553395,64760
58.66244344184827,64780
58.541550559500344,64800
58.648351049325136,64820
58.56871406361219,64840
58.65069002857335,64860
58.671869547740776,64880
58.67583438377373,64900
58.710949869126964,64920
58.706162138557154,64940
58.73392518325989,64960
58.65423744119322,64980
58.72534701210157,65000
58.74589087720925,65020
58.79550795014949,65040
58.721569140289404,65060
58.757074441421615,65080
58.73520734703956,65100
58.74375294472108,65120
58.77174846498886,65140
58.783809270052174,65160
58.83278303457983,65180
58.78307616787002,65200
58.80585616242874,65220
58.810897157483495,65240
58.84292204059385,65260
58.878977035432996,65280
58.82949083832993,65300
58.804951358563024,65320
58.842070218519666,65340
58.93732739993803,65360
58.92593239349021,65380
58.89468847640107,65400
58.86828158211626,65420
58.94304365462612,65440
58.8947148193575,65460
58.92783433175121,65480
58.93140736307363,65500
58.88779572883501,65520
58.90905051348016,65540
58.96582358626122,65560
58.97427516705152,65580
58.9706437674061,65600
58.97856364581449,65620
58.929259082253225,65640
58.97354883189978,65660
59.001362632830535,65680
58.97059578601367,65700
58.978560699788716,65720
58.98848582451198,65740
59.03550688864031,65760
59.01329461807435,65780
59.068363949850266,65800
59.064524398385736,65820
59.041402853950345,65840
59.024845364802395,65860
59.11636889202064,65880
59.0984134929013,65900
59.09485651342207,65920
59.13042847969569,65940
59.02922395928131,65960
59.129597302850904,65980
59.14416238365999,66000
59.149306848641004,66020
59.12768051725567,66040
59.09315266384803,66060
59.13956180840665,66080
59.25027584537802,66100
59.22123913724478,66120
59.180512137275834,66140
59.16546611854385,66160
59.16514133335638,66180
59.21891997203004,66200
59.16801707616774,66220
59.25233379118891,66240
59.229972529746654,66260
59.21574997835808,66280
59.29486965342066,66300
59.28229119761044,66320
59.35463621158436,66340
59.24548767957753,66360
59.233510477717005,66380
59.24324804593775,66400
59.26301962791095,66420
59.29089887788027,66440
59.25616307273296,66460
59.37400734076634,66480
59.2975538565268,66500
59.3254019757426,66520
59.336259325256755,66540
59.37157298601949,66560
59.34837672646635,66580
59.361059443615446,66600
59.420132711827044,66620
59.41221916173211,66640
59.33561186594177,66660
59.441293100867014,66680
59.38058159146898,66700
59.410121991871435,66720
59.449483019598404,66740
59.43248385388506,66760
59.41079888143316,66780
59.44553231936312,66800
59.44818014695005,66820
59.47752959496465,66840
59.436997498987054,66860
59.50144217268138,66880
59.49841270995767,66900
59.455627944073484,66920
59.5007838096102,66940
59.413291819100465,66960
59.51094926850636,66980
59.51559879431379,67000
59.48990447261291,67020
59.52690661921807,67040
59.51534520728701,67060
59.55183116040956,67080
59.47900374954917,67100
59.48820921930053,67120
59.53616145627349,67140
59.55325127650561,67160
59.557333974048646,67180
59.5536263963081,67200
59.63778699868706,67220
59.61362222881056,67240
59.5839092021635,67260
59.6256946233834,67280
59.6380931196775,67300
59.57066400209862,67320
59.57229887102604,67340
59.604864647968846,67360
59.60380620976344,67380
59.600667812168616,67400
59.63494212418906,67420
59.68573024443445,67440
59.66776102869039,67460
59.67474511291556,67480
59.61349476327744,67500
59.674792147438225,67520
59.66584087913951,67540
59.69741619753103,67560
59.6967157215823,67580
59.79746784955249,67600
59.68872070184377,67620
59.69252353269751,67640
59.707414732432,67660
59.725136511423436,67680
59.74930767556336,67700
59.71613132914,67720
59.869834060742065,67740
59.779962653777005,67760
59.74593924629082,67780
59.76471903856293,67800
59.814499266860764,67820
59.74459403275823,67840
59.76095274041372,67860
59.85126318345153,67880
59.837448278650406,67900
59.831777929175644,67920
59.83042954827533,67940
59.797934023127894,67960
59.778197476933926,67980
59.870692630943964,68000
59.86520695297191,68020
59.814808959666195,68040
59.91167811834531,68060
59.852959386750136,68080
59.846344501498095,68100
59.834830936600625,68120
59.86682257062896,68140
59.88593061358676,68160
59.872239240147366,68180
59.927015007656614,68200
59.87105316243764,68220
59.87167187396717,68240
59.89160324234342,68260
59.919825455858245,68280
59.90992041537234,68300
59.89052648147228,68320
59.972789558759565,68340
59.905015071978866,68360
60.07628692864306,68380
59.97255512988891,68400
60.01561659716399,68420
59.982721348541865,68440
59.99588954006231,68460
59.92880478746522,68480
59.972201387363896,68500
59.965427988052404,68520
59.97708818298865,68540
60.04519576506601,68560
60.0355212558539,68580
60.06815065258882,68600
59.99727885478059,68620
60.069689043162896,68640
60.07682188829492,68660
60.11679857644738,68680
60.126306586180824,68700
60.09727365373212,68720
60.19281562763944,68740
60.21516938081454,68760
60.156754489539146,68780
60.20482687739387,68800
60.156892460855516,68820
60.127078297851156,68840
60.13806550125286,68860
60.17474282610706,68880
60.208105096799805,68900
60.142075293606936,68920
60.198126112104134,68940
60.172475797758835,68960
60.264278987127724,68980
60.19336438091899,69000
60.237492941863394,69020
60.26019553491495,69040
60.22049983671058,69060
60.273849839849966,69080
60.262657808505836,69100
60.32897290430413,69120
60.3240955024146,69140
60.29678917207948,69160
60.3218893281101,69180
60.303279726753416,69200
60.30796519643658,69220
60.28819879525457,69240
60.34767254522133,69260
60.3571530710648,69280
60.34148058727006,69300
60.29448151721993,69320
60.42309668340569,69340
60.4058090882941,69360
60.37647238862517,69380
60.35911311222048,69400
60.42999919850667,69420
60.37285199051462,69440
60.39174275681775,69460
60.377801649985074,69480
60.387290345077986,69500
60.45452648098143,69520
60.388929509922214,69540
60.40438160599784,69560
60.416369496893026,69580
60.45656011674228,69600
60.5111182018016,69620
60.52815153531404,69640
60.443187656320944,69660
60.41480667420277,69680
60.41409636476728,69700
60.5013789541866,69720
60.504590770047564,69740
60.499503210836004,69760
60.49880756450125,69780
60.49420050635448,69800
60.58780631244386,69820
60.572985040372984,69840
60.52100876667189,69860
60.55186033487193,69880
60.58580931460239,69900
60.613110972349425,69920
60.62093121860236,69940
60.64641719163455,69960
60.57542906299082,69980
60.60586577897949,70000
60.60270078731831,70020
60.618852333098125,70040
60.623119979583,70060
60.58920061142207,70080
60.63362562854329,70100
60.641858555938484,70120
60.65096874749335,70140
60.62194813514558,70160
60.646895887106965,70180
60.61162275507144,70200
60.63942290407439,70220
60.67355771654376,70240
60.62732364868389,70260
60.681474617705454,70280
60.65311613786233,70300
60.70661656001944,70320
60.74945937762472,70340
60.7275013158547,70360
60.758230731172475,70380
60.72614685001086,70400
60.716067107354974,70420
60.753956802507574,70440
60.813545138649914,70460
60.77547397554778,70480
60.76590921563105,70500
60.880524705486174,70520
60.836631393297296,70540
60.86056653468936,70560
60.874364621129175,70580
60.797913295569124,70600
60.794880655698094,70620
60.86319427214375,70640
60.79719535375139,70660
60.84148780630623,70680
60.82730721971946,70700
60.879452257280676,70720
60.842358410717765,70740
60.859669845478905,70760
60.86594217256237,70780
60.89748568549794,70800
60.87006932297608,70820
60.854563745988244,70840
60.914950652000584,70860
60.89581206250965,70880
60.88619018457102,70900
60.9030644197056,70920
60.948855852937754,70940
60.93596497262885,70960
60.92544682634015,70980
60.92416160912438,71000
60.950464927186445,71020
60.96183309737139,71040
60.971810194403474,71060
60.989301602125956,71080
60.97150419890274,71100
61.00313913521754,71120
60.923047540511405,71140
61.03291119754889,71160
61.00313050266978,71180
61.0202153019665,71200
61.03346073676444,71220
61.06250101472196,71240
61.0551757727921,71260
61.11035497289083,71280
61.05200227490567,71300
61.101426839793604,71320
61.07955422541796,71340
61.037685812199626,71360
61.05086749214854,71380
61.08675325009376,71400
61.10878752476927,71420
61.094819858369945,71440
61.083761707849035,71460
61.127791985963434,71480
61.14063974747367,71500
61.113170802721235,71520
61.12576527574561,71540
61.19088912017006,71560
61.151657814843745,71580
61.122702017560776,71600
61.21007343466409,71620
61.15968180600304,71640
61.177737712565396,71660
61.19234499084888,71680
61.25090619262609,71700
61.26106542737309,71720
61.2846800798971,71740
61.29351154112564,71760
61.27998676886685,71780
61.29598743688666,71800
61.25784517653862,71820
61.314032539838934,71840
61.240535176116204,71860
61.34549695135051,71880
61.282750882295794,71900
61.32001108513907,71920
61.32677103320274,71940
61.305642001684426,71960
61.3312439457709,71980
61.303010257914174,72000
61.2873389832104,72020
61.288426163702816,72040
61.326568796384336,72060
61.31932427610177,72080
61.447840036268865,72100
61.406319840674264,72120
61.363561035141835,72140
61.36405364006361,72160
61.47732984260837,72180
61.39035544421341,72200
61.38109262067081,72220
61.47923417264135,72240
61.35549128210499,72260
61.496808777428505,72280
61.440450981943854,72300
61.483100301970964,72320
61.488870925582006,72340
61.4189426528023,72360
61.41605164965429,72380
61.44703505398119,72400
61.564694230693576,72420
61.41696600284024,72440
61.49880135696722,72460
61.48265145251042,72480
61.487580943589,72500
61.52309804426159,72520
61.46186661564737,72540
61.46961970181999,72560
61.51205744440902,72580
61.503161209244674,72600
61.546998669265086,72620
61.54775649908335,72640
61.56501184969443,72660
61.55641670688263,72680
61.55008827690441,72700
61.55094476108261,72720
61.53681939006798,72740
61.56631268238949,72760
61.63916937635014,72780
61.658926818773615,72800
61.61725137128504,72820
61.560647437502,72840
61.63732170486577,72860
61.642700332016986,72880
61.601302340953104,72900
61.70325499394792,72920
61.61248277554867,72940
61.6896272260264,72960
61.70209942836916,72980
61.70553935418802,73000
61.75217376086745,73020
61.736447947312605,73040
61.724310172336075,73060
61.73401329133241,73080
61.69405534044487,73100
61.73204060616135,73120
61.681128692883206,73140
61.679110038379406,73160
61.72040648099957,73180
61.81824516773929,73200
61.7827720439343,73220
61.80714733121078,73240
61.73863782719563,73260
61.74699072810841,73280
61.776314041812896,73300
61.75980669668704,73320
61.77351949270014,73340
61.780652613389634,73360
61.79848012394125,73380
61.87378309823899,73400
61.89123808858557,73420
61.96463363953178,73440
61.82080466835983,73460
61.85635139033396,73480
61.8583067908621,73500
61.857692426124665,73520
61.82116499399535,73540
61.839819795183075,73560
61.869546210873416,73580
61.893163318126525,73600
61.93732403588573,73620
61.88212989210564,73640
61.904195705737955,73660
61.93301275899556,73680
61.966330691557616,73700
61.94116226729576,73720
61.96444643491659,73740
61.931553287906084,73760
61.927391633033935,73780
61.94404923646056,73800
61.90056402491536,73820
61.88928061914245,73840
61.965132169585175,73860
61.9574619179806,73880
61.99634375672283,73900
61.97516727951,73920
62.03387027388345,73940
61.96428733437372,73960
62.05660858433147,73980
62.04237741609888,74000
61.987778050262,74020
62.074419312379106,74040
62.04263650687712,74060
61.97270392790831,74080
62.083784107387515,74100
62.07079747463207,74120
62.07396469483715,74140
62.08553208121417,74160
62.07975951572903,74180
62.07417761498791,74200
62.02619887209477,74220
62.1116962495852,74240
62.18364943727542,74260
62.06992311247347,74280
62.13726135186819,74300
62.12514141810579,74320
62.16611860094932,74340
62.199211379634065,74360
62.12584480074218,74380
62.14333120532273,74400
62.22057425441372,74420
62.159161642747065,74440
62.160385188186766,74460
62.21145615851897,74480
62.29803628224731,74500
62.153721578948016,74520
62.19361600059692,74540
62.1597239995104,74560
62.21564833833203,74580
62.26514048979643,74600
62.197802635981844,74620
62.20207358761847,74640
62.20466322386503,74660
62.246870534574796,74680
62.312720348026474,74700
62.23545018716679,74720
62.20117467776389,74740
62.253143996384885,74760
62.30393216310443,74780
62.3194530632868,74800
62.25484613679885,74820
62.306963015192665,74840
62.25202353899086,74860
62.30494257050153,74880
62.33140114002076,74900
62.28819747291141,74920
62.34821882718049,74940
62.36051606119292,74960
62.3637921061943,74980
62.35824481294904,75000
62.327975378466235,75020
62.391843120576084,75040
62.437883538140085,75060
62.418932382726055,75080
62.496113439877234,75100
62.475792722966695,75120
62.38235664384771,75140
62.47770888105507,75160
62.43637969287178,75180
62.45248846033258,75200
62.453711122295786,75220
62.43163228921778,75240
62.48620592465193,75260
62.45763498244463,75280
62.4320840828988,75300
62.531719563690785,75320
62.46403081355402,75340
62.49054779888286,75360
62.52636886235577,75380
62.511251462073666,75400
62.55026436648822,75420
62.56602488206806,75440
62.54655643487925,75460
62.52583787482975,75480
62.55051522086575,75500
62.561013453280765,75520
62.53660705177291,75540
62.61478754361259,75560
62.56581384685165,75580
62.584547307917845,75600
62.601416027167126,75620
62.63012516546882,75640
62.59791519532566,75660
62.618269147546016,75680
62.66114947902905,75700
62.66518133956386,75720
62.60879981413864,75740
62.64514002104475,75760
62.62936927408097,75780
62.76010650727774,75800
62.67285895048366,75820
62.62659670086502,75840
62.70808741579979,75860
62.76275342543685,75880
62.642707177688976,75900
62.625803330187935,75920
62.64492635928791,75940
62.671092321976104,75960
62.6793550684754,75980
62.60650507627694,76000
62.63855802715687,76020
62.69797984114157,76040
62.70017737161817,76060
62.732701910935745,76080
62.72664853709025,76100
62.74281613493707,76120
62.73322258075245,76140
62.79090772386281,76160
62.84197012660097,76180
62.760675237532695,76200
62.787577295699116,76220
62.807434614089935,76240
62.81234307430872,76260
62.77392847811033,76280
62.74337772539285,76300
62.806512804545136,76320
62.78158180209474,76340
62.857697025556696,76360
62.83171551494045,76380
62.81075415569107,76400
62.79806458912118,76420
62.85413733456329,76440
62.79262922004093,76460
62.87289282124046,76480
62.846823320097556,76500
62.86873230736775,76520
62.8888116038941,76540
62.895696292121954,76560
62.90562774724674,76580
62.83756862720482,76600
62.9457481600443,76620
62.924217509618494,76640
62.964261862149556,76660
62.94047477441482,76680
62.95521924621561,76700
62.98983943112818,76720
63.009081278538105,76740
63.006303015565706,76760
62.95281583407014,76780
63.003876732896664,76800
62.99823051113982,76820
62.99747960316163,76840
62.97638441492906,76860
62.97918129919771,76880
63.07366820428293,76900
62.99645737794232,76920
62.98244859488637,76940
63.01611423224738,76960
62.949593061163796,76980
63.04173444418782,77000
63.07814452624594,77020
63.06299073158995,77040
63.04241983447538,77060
63.105424893578274,77080
63.097987668011726,77100
63.148328009835296,77120
63.034909044154034,77140
63.119898945767204,77160
63.11069942796956,77180
63.090105196864286,77200
63.12846750271541,77220
63.143542102960375,77240
63.12884010285278,77260
63.138979040390055,77280
63.08649774624682,77300
63.165868551440084,77320
63.12567486639216,77340
63.194436970804965,77360
63.14371101814113,77380
63.206867976820405,77400
63.25204267013603,77420
63.18253485591139,77440
63.148846040593114,77460
63.18989197893089,77480
63.1959316908399,77500
63.23421497301278,77520
63.20368013573887,77540
63.224777749551585,77560
63.259624258182725,77580
63.249201152356946,77600
63.23071124359157,77620
63.22426395536841,77640
63.29222563958645,77660
63.19945372497719,77680
63.202682305880785,77700
63.26193230065145,77720
63.27618722103338,77740
63.30735798224816,77760
63.288282897694586,77780
63.27266623095317,77800
63.38385397880675,77820
63.26065953263633,77840
63.375813733447124,77860
63.345836964623345,77880
63.35777121134492,77900
63.30479827006339,77920
63.33500771380701,77940
63.40554977824725,77960
63.368461564894176,77980
63.2941879590512,78000
63.384247956411194,78020
63.39176380624846,78040
63.395504832786095,78060
63.37590703016939,78080
63.366721320728814,78100
63.39099406022166,78120
63.40417814969318,78140
63.43984648515233,78160
63.41788337216456,78180
63.40447491144773,78200
63.39502407200834,78220
63.41357621775337,78240
63.45990999113603,78260
63.43244154548118,78280
63.468207375792346,78300
63.442553951555055,78320
63.45487609871468,78340
63.5125725106343,78360
63.44960793413578,78380
63.48882050113531,78400
63.48674067936351,78420
63.431380048522065,78440
63.53555419370687,78460
63.4524927802474,78480
63.47523129068937,78500
63.43306793118758,78520
63.42546023083304,78540
63.46928258833419,78560
63.50126781751463,78580
63.50424692003699,78600
63.48261643214425,78620
63.508414437043825,78640
63.574254334933606,78660
63.59611172351846,78680
63.57416030226765,78700
63.591821806949284,78720
63.54837550457431,78740
63.66688553674612,78760
63.532737022985394,78780
63.638662923097854,78800
63.640348072351514,78820
63.597931122417066,78840
63.658578171015286,78860
63.631386563862115,78880
63.675007462787015,78900
63.65959347751564,78920
63.62104966377291,78940
63.70844663577983,78960
63.68288862221755,78980
63.61087858417024,79000
63.63879491061836,79020
63.682415544107116,79040
63.59997554306229,79060
63.66763961119291,79080
63.72179725005258,79100
63.682497435286024,79120
63.75083197562019,79140
63.655133148328986,79160
63.67324738189652,79180
63.62262770817645,79200
63.71940398655552,79220
63.727960696788976,79240
63.81666869441492,79260
63.74358142938205,79280
63.769827050682764,79300
63.79383459953567,79320
63.744404304949626,79340
63.722618255221505,79360
63.84494443474313,79380
63.77453941467062,79400
63.71191631165309,79420
63.835088513449016,79440
63.766568619288435,79460
63.76145431959509,79480
63.798085495168465,79500
63.76960848836531,79520
63.859584346518645,79540
63.77750412191816,79560
63.813170190083454,79580
63.81871274188555,79600
63.87051291377527,79620
63.86796610150688,79640
63.934838956127344,79660
63.87158675763752,79680
63.93977040851198,79700
63.871820268667406,79720
63.814416185957455,79740
63.87332222639269,79760
63.8934843189329,79780
63.92770583851716,79800
63.924944354829506,79820
63.9028132880663,79840
63.96750884789169,79860
63.94314018846716,79880
63.86302742218021,79900
63.901963041057144,79920
63.92150519151366,79940
63.91465270449134,79960
64.00626038486695,79980
